Workbook

Sheet 真實IC
A1: Real
B2: Time | C2: 2013/12 | D2: 2014/01 | E2: 2014/02 | F2: 2014/03 | G2: 2014/04 | H2: 2014/05 | I2: 2014/06 | J2: 2014/07 | K2: 2014/08 | L2: 2014/09 | M2: 2014/10 | N2: 2014/11 | O2: 2014/12 | P2: 2015/01 | Q2: 2015/02 | R2: 2015/03 | S2: 2015/04 | T2: 2015/05 | U2: 2015/06 | V2: 2015/07 | W2: 2015/08 | X2: 2015/09 | Y2: 2015/10 | Z2: 2015/11 | AA2: 2015/12 | AB2: 2016/01 | AC2: 2016/02 | AD2: 2016/03 | AE2: 2016/04 | AF2: 2016/05 | AG2: 2016/06 | AH2: 2016/07 | AI2: 2016/08 | AJ2: 2016/09 | AK2: 2016/10 | AL2: 2016/11 | AM2: 2016/12 | AN2: 2017/01 | AO2: 2017/02 | AP2: 2017/03 | AQ2: 2017/04 | AR2: 2017/05 | AS2: 2017/06 | AT2: 2017/07 | AU2: 2017/08 | AV2: 2017/09 | AW2: 2017/10 | AX2: 2017/11 | AY2: 2017/12 | AZ2: 2018/01 | BA2: 2018/02 | BB2: 2018/03 | BC2: 2018/04 | BD2: 2018/05 | BE2: 2018/06 | BF2: 2018/07 | BG2: 2018/08 | BH2: 2018/09 | BI2: 2018/10 | BJ2: 2018/11 | BK2: 2018/12 | BL2: 2019/01 | BM2: 2019/02 | BN2: 2019/03 | BO2: 2019/04 | BP2: 2019/05 | BQ2: 2019/06 | BR2: 2019/07 | BS2: 2019/08 | BT2: 2019/09 | BU2: 2019/10 | BV2: 2019/11 | BW2: 2019/12 | BX2: 2020/01 | BY2: 2020/02 | BZ2: 2020/03 | CA2: 2020/04 | CB2: 2020/05 | CC2: 2020/06 | CD2: 2020/07 | CE2: 2020/08 | CF2: 2020/09 | CG2: 2020/10 | CH2: 2020/11 | CI2: 2020/12 | CJ2: 2021/01 | CK2: 2021/02 | CL2: 2021/03 | CM2: 2021/04 | CN2: 2021/05 | CO2: 2021/06 | CP2: 2021/07 | CQ2: 2021/08 | CR2: 2021/09 | CS2: 2021/10 | CT2: 2021/11 | CU2: 2021/12 | CV2: 2022/01 | CW2: 2022/02 | CX2: 2022/03 | CY2: 2022/04 | CZ2: 2022/05 | DA2: 2022/06 | DB2: 2022/07 | DC2: 2022/08 | DD2: 2022/09 | DE2: 2022/10 | DF2: 2022/11 | DG2: 2022/12 | DH2: 2023/01 | DI2: 2023/02 | DJ2: 2023/03 | DK2: 2023/04 | DL2: 2023/05 | DM2: 2023/06 | DN2: 2023/07 | DO2: 2023/08 | DP2: 2023/09 | DQ2: 2023/10 | DR2: 2023/11 | DS2: 2023/12 | DT2: 2024/01 | DU2: 2024/02 | DV2: 2024/03 | DW2: 2024/04 | DX2: 2024/05 | DY2: 2024/06 | DZ2: 2024/07 | EA2: 2024/08 | EB2: 2024/09 | EC2: 2024/10 | ED2: 2024/11 | EE2: 2024/12 | EF2: 2025/01
B3: bm | C3: 0.10910583 | D3: 0.014576583 | E3: -0.036154357 | F3: -0.004742601 | G3: -0.0057477531 | H3: 0.049378023 | I3: 0.18325177 | J3: 0.11648631 | K3: -0.030594946 | L3: 0.019828051 | M3: -0.020999006 | N3: 0.14977942 | O3: 0.015463406 | P3: -0.091792321 | Q3: -0.077409013 | R3: 0.054776596 | S3: -0.12533439 | T3: -0.11905342 | U3: -0.037770051 | V3: 0.081183823 | W3: 0.084008968 | X3: 0.14701136 | Y3: -0.12536054 | Z3: 0.19195355 | AA3: -0.084370782 | AB3: 0.072897614 | AC3: 0.10260456 | AD3: 0.015770167 | AE3: -0.15200716 | AF3: 0.059250252 | AG3: 0.13005884 | AH3: 0.1152564 | AI3: 0.032606622 | AJ3: 0.027999115 | AK3: 0.14657042 | AL3: 0.040841921 | AM3: 0.13137637 | AN3: 0.22143296 | AO3: -0.020941039 | AP3: -0.13715995 | AQ3: -0.024882855 | AR3: 0.015513971 | AS3: 0.034373037 | AT3: 0.063095686 | AU3: 0.043237695 | AV3: -0.074230367 | AW3: 0.027994827 | AX3: 0.11986442 | AY3: 0.076559571 | AZ3: -0.021730386 | BA3: -0.0012464633 | BB3: 0.10099582 | BC3: 0.02982693 | BD3: 0.0086757684 | BE3: 0.068557206 | BF3: 0.1569126 | BG3: 0.15920373 | BH3: 0.061121668 | BI3: 0.096912851 | BJ3: -0.054746248 | BK3: -0.087492963 | BL3: 0.094426746 | BM3: -0.022191059 | BN3: 0.015628612 | BO3: 0.08141824 | BP3: -0.018508942 | BQ3: 0.068729568 | BR3: 0.0031023605 | BS3: 0.074964418 | BT3: 0.045201588 | BU3: 0.025677329 | BV3: 0.091804031 | BW3: -0.026353999 | BX3: 0.019394832 | BY3: -0.076838899 | BZ3: 0.11330931 | CA3: -0.10735493 | CB3: 0.040844789 | CC3: -0.019801709 | CD3: 0.18837709 | CE3: 0.055574906 | CF3: 0.074872074 | CG3: 0.10000019 | CH3: 0.13602172 | CI3: -0.093741015 | CJ3: 0.0039305991 | CK3: 0.056507777 | CL3: 0.26354578 | CM3: -0.0095554349 | CN3: -0.0315119 | CO3: -0.022619032 | CP3: 0.13265561 | CQ3: 0.13307278 | CR3: -0.014956408 | CS3: -0.033419938 | CT3: 0.012281209 | CU3: 0.11681498 | CV3: -0.0031589454 | CW3: 0.038217758 | CX3: 0.13917409 | CY3: -0.023712288 | CZ3: 0.21835291 | DA3: -0.057967362 | DB3: -0.014104219 | DC3: 0.11395608 | DD3: 0.074472262 | DE3: -0.00089969275 | DF3: 0.0009770718 | DG3: -0.072980095 | DH3: -0.023845287 | DI3: -0.10153067 | DJ3: 0.027692536 | DK3: -0.049335153 | DL3: -0.0056993576 | DM3: -0.03698176 | DN3: 0.10981299 | DO3: 0.042036825 | DP3: 0.084566668 | DQ3: -0.11027981 | DR3: 0.094328709 | DS3: -0.071906913 | DT3: -0.09623643 | DU3: 0.0023455494 | DV3: 0.13401742 | DW3: 0.094732519 | DX3: -0.1037732 | DY3: 0.075762154 | DZ3: -0.03182972 | EA3: 0.16130802 | EB3: 0.010203533 | EC3: 0.073988425 | ED3: -0.15737687 | EE3: 0.079137553 | EF3: 0.072528547
B4: size | C4: -0.24758871 | D4: -0.2746933 | E4: -0.084648385 | F4: 0.022644631 | G4: -0.049680001 | H4: -0.10075963 | I4: -0.012522721 | J4: 0.07873655 | K4: -0.0341851 | L4: 0.088406798 | M4: -0.0030634546 | N4: -0.21221799 | O4: -0.036805389 | P4: 0.071033119 | Q4: -0.071261133 | R4: 0.021560447 | S4: 0.10111126 | T4: 0.04322474 | U4: 0.01488195 | V4: 0.0063260243 | W4: -0.14355298 | X4: -0.064282172 | Y4: -0.019034203 | Z4: -0.020644556 | AA4: 0.03305954 | AB4: -0.019418227 | AC4: -0.063126839 | AD4: -0.065629712 | AE4: 0.13799569 | AF4: -0.10056792 | AG4: -0.037969091 | AH4: -0.045839538 | AI4: -0.051034096 | AJ4: -0.0032204409 | AK4: 0.00048952959 | AL4: -0.10644675 | AM4: -0.013723974 | AN4: -0.12196471 | AO4: -0.048589666 | AP4: -0.0019031504 | AQ4: 0.029067485 | AR4: 0.052635777 | AS4: -0.012893259 | AT4: -0.0021311348 | AU4: -0.15538438 | AV4: 0.012681784 | AW4: -0.011942322 | AX4: -0.0042537915 | AY4: 0.029300872 | AZ4: -0.1341275 | BA4: -0.13711153 | BB4: 0.0017546605 | BC4: 0.025117126 | BD4: -0.11960191 | BE4: 0.13576165 | BF4: 0.047091162 | BG4: -0.026050044 | BH4: 0.043752774 | BI4: -0.081391828 | BJ4: -0.10060082 | BK4: 0.090490079 | BL4: -0.030898459 | BM4: 0.058814187 | BN4: 0.081345639 | BO4: -0.0077164169 | BP4: 0.10673487 | BQ4: -0.027156341 | BR4: -0.054431019 | BS4: -0.068229278 | BT4: 0.098612223 | BU4: 0.12839854 | BV4: -0.078402519 | BW4: -0.11913372 | BX4: -0.046890096 | BY4: 0.10169834 | BZ4: -0.025680084 | CA4: -0.08330179 | CB4: -0.15782765 | CC4: -0.071052572 | CD4: -0.073875492 | CE4: -0.23678647 | CF4: 0.032627706 | CG4: 0.013423085 | CH4: -0.0027966659 | CI4: 0.0479257 | CJ4: -0.0032520193 | CK4: -0.07570819 | CL4: -0.044397256 | CM4: 0.17898858 | CN4: 0.057994266 | CO4: -0.13939019 | CP4: 0.064714671 | CQ4: -0.18118789 | CR4: -0.088633532 | CS4: -0.025321775 | CT4: -0.11307907 | CU4: 0.0080959573 | CV4: -0.045200208 | CW4: -0.058941225 | CX4: -0.1077283 | CY4: -0.096503499 | CZ4: -0.21035435 | DA4: -0.10996114 | DB4: -0.19082047 | DC4: -0.020727272 | DD4: 0.087029095 | DE4: 0.082024593 | DF4: -0.16687666 | DG4: 0.22243809 | DH4: -0.14429775 | DI4: -0.11961995 | DJ4: -0.10159274 | DK4: 0.092855059 | DL4: -0.04263049 | DM4: 0.082732073 | DN4: -0.031049452 | DO4: -0.09814199 | DP4: -0.13058888 | DQ4: 0.048655718 | DR4: -0.03925191 | DS4: -0.1610302 | DT4: -0.078883966 | DU4: 0.16407716 | DV4: 0.0075052515 | DW4: -0.10164525 | DX4: -0.056040292 | DY4: -0.10665664 | DZ4: -0.069186576 | EA4: -0.12618866 | EB4: -0.064737118 | EC4: 0.051426073 | ED4: 0.034496728 | EE4: 0.1576776 | EF4: -0.12718002
B5: mom | C5: 0.12739768 | D5: 0.27252583 | E5: 0.062930306 | F5: -0.14734515 | G5: -0.034796316 | H5: -0.17085566 | I5: 0.29079019 | J5: -0.051821723 | K5: -0.23905237 | L5: 0.16620736 | M5: -0.072210617 | N5: -0.42337901 | O5: -0.29069667 | P5: -0.14041748 | Q5: 0.23352851 | R5: 0.16517753 | S5: 0.12715404 | T5: 0.099032464 | U5: -0.15685697 | V5: 0.34240724 | W5: -0.0046833913 | X5: -0.25395648 | Y5: -0.20123386 | Z5: -0.11123074 | AA5: 0.0021490845 | AB5: -0.26829032 | AC5: -0.21172288 | AD5: 0.064383544 | AE5: 0.14496488 | AF5: 0.18985456 | AG5: -0.032297318 | AH5: -0.082731792 | AI5: 0.16109736 | AJ5: 0.030692207 | AK5: 0.095896478 | AL5: 0.33781955 | AM5: -0.13593222 | AN5: -0.082413428 | AO5: -0.0053739832 | AP5: 0.013199201 | AQ5: -0.23614839 | AR5: -0.058600174 | AS5: 0.16395218 | AT5: 0.038405682 | AU5: 0.17193844 | AV5: -0.16562523 | AW5: 0.17323637 | AX5: 0.15002837 | AY5: -0.13718978 | AZ5: 0.15902436 | BA5: -0.1190889 | BB5: 0.12623528 | BC5: -0.065959479 | BD5: 0.038041275 | BE5: 0.21160919 | BF5: 0.21764732 | BG5: -0.0216843 | BH5: 0.13545461 | BI5: 0.068235801 | BJ5: 0.073730186 | BK5: -0.29588165 | BL5: -0.059953299 | BM5: 0.23395341 | BN5: 0.018383136 | BO5: -0.21905668 | BP5: 0.17599541 | BQ5: 0.057650745 | BR5: 0.093172811 | BS5: 0.052167629 | BT5: 0.15210362 | BU5: -0.085801272 | BV5: -0.042133721 | BW5: -0.021311745 | BX5: 0.17120792 | BY5: -0.080485095 | BZ5: -0.12364829 | CA5: -0.074301521 | CB5: 0.12073194 | CC5: 0.06025877 | CD5: 0.022957324 | CE5: -0.0026733186 | CF5: 0.012598263 | CG5: -0.022713292 | CH5: -0.050643866 | CI5: 0.072246051 | CJ5: -0.084576469 | CK5: -0.10637609 | CL5: 0.071926224 | CM5: 0.11061768 | CN5: 0.064087005 | CO5: -0.062058839 | CP5: 0.036804237 | CQ5: -0.25493009 | CR5: -0.16652197 | CS5: -0.027255068 | CT5: -0.13520774 | CU5: 0.027837995 | CV5: 0.012629131 | CW5: -0.034961229 | CX5: 0.0066480736 | CY5: 0.14353743 | CZ5: -0.096973778 | DA5: -0.11326111 | DB5: 0.14997042 | DC5: -0.029730317 | DD5: 0.26841149 | DE5: -0.2061103 | DF5: -0.0043307064 | DG5: -0.20048169 | DH5: -0.35622362 | DI5: -0.20326487 | DJ5: -0.097865021 | DK5: 0.054606508 | DL5: 0.10053554 | DM5: -0.046529544 | DN5: -0.042009117 | DO5: -0.21185988 | DP5: -0.007589212 | DQ5: 0.09490759 | DR5: -0.18405621 | DS5: 0.0063254967 | DT5: 0.059951171 | DU5: -0.073780223 | DV5: -0.11215628 | DW5: -0.093047073 | DX5: 0.035421025 | DY5: -0.024769289 | DZ5: 0.029984228 | EA5: -0.024212077 | EB5: -0.068635333 | EC5: -0.0061714037 | ED5: -0.078157858 | EE5: 0.0001305871 | EF5: 0.042088954
A6: 選絕對值最大 | C6: 2 | D6: 2 | E6: 2 | F6: 3 | G6: 2 | H6: 3 | I6: 3 | J6: 1 | K6: 3 | L6: 3 | M6: 3 | N6: 3 | O6: 3 | P6: 3 | Q6: 3 | R6: 3 | S6: 3 | T6: 1 | U6: 3 | V6: 3 | W6: 2 | X6: 3 | Y6: 3 | Z6: 1 | AA6: 1 | AB6: 3 | AC6: 3 | AD6: 2 | AE6: 1 | AF6: 3 | AG6: 1 | AH6: 1 | AI6: 3 | AJ6: 3 | AK6: 1 | AL6: 3 | AM6: 3 | AN6: 1 | AO6: 2 | AP6: 1 | AQ6: 3 | AR6: 3 | AS6: 3 | AT6: 1 | AU6: 3 | AV6: 3 | AW6: 3 | AX6: 3 | AY6: 3 | AZ6: 3 | BA6: 2 | BB6: 3 | BC6: 3 | BD6: 2 | BE6: 3 | BF6: 3 | BG6: 1 | BH6: 3 | BI6: 1 | BJ6: 2 | BK6: 3 | BL6: 1 | BM6: 3 | BN6: 2 | BO6: 3 | BP6: 3 | BQ6: 1 | BR6: 3 | BS6: 1 | BT6: 3 | BU6: 2 | BV6: 1 | BW6: 2 | BX6: 3 | BY6: 2 | BZ6: 3 | CA6: 1 | CB6: 2 | CC6: 2 | CD6: 1 | CE6: 2 | CF6: 1 | CG6: 1 | CH6: 1 | CI6: 1 | CJ6: 3 | CK6: 3 | CL6: 1 | CM6: 2 | CN6: 3 | CO6: 2 | CP6: 1 | CQ6: 3 | CR6: 3 | CS6: 1 | CT6: 3 | CU6: 1 | CV6: 2 | CW6: 2 | CX6: 1 | CY6: 3 | CZ6: 1 | DA6: 3 | DB6: 2 | DC6: 1 | DD6: 3 | DE6: 3 | DF6: 2 | DG6: 2 | DH6: 3 | DI6: 3 | DJ6: 2 | DK6: 2 | DL6: 3 | DM6: 2 | DN6: 1 | DO6: 3 | DP6: 2 | DQ6: 1 | DR6: 3 | DS6: 2 | DT6: 1 | DU6: 2 | DV6: 1 | DW6: 2 | DX6: 1 | DY6: 2 | DZ6: 2 | EA6: 1 | EB6: 3 | EC6: 1 | ED6: 1 | EE6: 2 | EF6: 2
C7: size | D7: size | E7: size | F7: mom | G7: size | H7: mom | I7: mom | J7: bm | K7: mom | L7: mom | M7: mom | N7: mom | O7: mom | P7: mom | Q7: mom | R7: mom | S7: mom | T7: bm | U7: mom | V7: mom | W7: size | X7: mom | Y7: mom | Z7: bm | AA7: bm | AB7: mom | AC7: mom | AD7: size | AE7: bm | AF7: mom | AG7: bm | AH7: bm | AI7: mom | AJ7: mom | AK7: bm | AL7: mom | AM7: mom | AN7: bm | AO7: size | AP7: bm | AQ7: mom | AR7: mom | AS7: mom | AT7: bm | AU7: mom | AV7: mom | AW7: mom | AX7: mom | AY7: mom | AZ7: mom | BA7: size | BB7: mom | BC7: mom | BD7: size | BE7: mom | BF7: mom | BG7: bm | BH7: mom | BI7: bm | BJ7: size | BK7: mom | BL7: bm | BM7: mom | BN7: size | BO7: mom | BP7: mom | BQ7: bm | BR7: mom | BS7: bm | BT7: mom | BU7: size | BV7: bm | BW7: size | BX7: mom | BY7: size | BZ7: mom | CA7: bm | CB7: size | CC7: size | CD7: bm | CE7: size | CF7: bm | CG7: bm | CH7: bm | CI7: bm | CJ7: mom | CK7: mom | CL7: bm | CM7: size | CN7: mom | CO7: size | CP7: bm | CQ7: mom | CR7: mom | CS7: bm | CT7: mom | CU7: bm | CV7: size | CW7: size | CX7: bm | CY7: mom | CZ7: bm | DA7: mom | DB7: size | DC7: bm | DD7: mom | DE7: mom | DF7: size | DG7: size | DH7: mom | DI7: mom | DJ7: size | DK7: size | DL7: mom | DM7: size | DN7: bm | DO7: mom | DP7: size | DQ7: bm | DR7: mom | DS7: size | DT7: bm | DU7: size | DV7: bm | DW7: size | DX7: bm | DY7: size | DZ7: size | EA7: bm | EB7: mom | EC7: bm | ED7: bm | EE7: size | EF7: size
C8: -0.24758871 | D8: -0.2746933 | E8: -0.084648385 | F8: -0.14734515 | G8: -0.049680001 | H8: -0.17085566 | I8: 0.29079019 | J8: 0.11648631 | K8: -0.23905237 | L8: 0.16620736 | M8: -0.072210617 | N8: -0.42337901 | O8: -0.29069667 | P8: -0.14041748 | Q8: 0.23352851 | R8: 0.16517753 | S8: 0.12715404 | T8: -0.11905342 | U8: -0.15685697 | V8: 0.34240724 | W8: -0.14355298 | X8: -0.25395648 | Y8: -0.20123386 | Z8: 0.19195355 | AA8: -0.084370782 | AB8: -0.26829032 | AC8: -0.21172288 | AD8: -0.065629712 | AE8: -0.15200716 | AF8: 0.18985456 | AG8: 0.13005884 | AH8: 0.1152564 | AI8: 0.16109736 | AJ8: 0.030692207 | AK8: 0.14657042 | AL8: 0.33781955 | AM8: -0.13593222 | AN8: 0.22143296 | AO8: -0.048589666 | AP8: -0.13715995 | AQ8: -0.23614839 | AR8: -0.058600174 | AS8: 0.16395218 | AT8: 0.063095686 | AU8: 0.17193844 | AV8: -0.16562523 | AW8: 0.17323637 | AX8: 0.15002837 | AY8: -0.13718978 | AZ8: 0.15902436 | BA8: -0.13711153 | BB8: 0.12623528 | BC8: -0.065959479 | BD8: -0.11960191 | BE8: 0.21160919 | BF8: 0.21764732 | BG8: 0.15920373 | BH8: 0.13545461 | BI8: 0.096912851 | BJ8: -0.10060082 | BK8: -0.29588165 | BL8: 0.094426746 | BM8: 0.23395341 | BN8: 0.081345639 | BO8: -0.21905668 | BP8: 0.17599541 | BQ8: 0.068729568 | BR8: 0.093172811 | BS8: 0.074964418 | BT8: 0.15210362 | BU8: 0.12839854 | BV8: 0.091804031 | BW8: -0.11913372 | BX8: 0.17120792 | BY8: 0.10169834 | BZ8: -0.12364829 | CA8: -0.10735493 | CB8: -0.15782765 | CC8: -0.071052572 | CD8: 0.18837709 | CE8: -0.23678647 | CF8: 0.074872074 | CG8: 0.10000019 | CH8: 0.13602172 | CI8: -0.093741015 | CJ8: -0.084576469 | CK8: -0.10637609 | CL8: 0.26354578 | CM8: 0.17898858 | CN8: 0.064087005 | CO8: -0.13939019 | CP8: 0.13265561 | CQ8: -0.25493009 | CR8: -0.16652197 | CS8: -0.033419938 | CT8: -0.13520774 | CU8: 0.11681498 | CV8: -0.045200208 | CW8: -0.058941225 | CX8: 0.13917409 | CY8: 0.14353743 | CZ8: 0.21835291 | DA8: -0.11326111 | DB8: -0.19082047 | DC8: 0.11395608 | DD8: 0.26841149 | DE8: -0.2061103 | DF8: -0.16687666 | DG8: 0.22243809 | DH8: -0.35622362 | DI8: -0.20326487 | DJ8: -0.10159274 | DK8: 0.092855059 | DL8: 0.10053554 | DM8: 0.082732073 | DN8: 0.10981299 | DO8: -0.21185988 | DP8: -0.13058888 | DQ8: -0.11027981 | DR8: -0.18405621 | DS8: -0.1610302 | DT8: -0.09623643 | DU8: 0.16407716 | DV8: 0.13401742 | DW8: -0.10164525 | DX8: -0.1037732 | DY8: -0.10665664 | DZ8: -0.069186576 | EA8: 0.16130802 | EB8: -0.068635333 | EC8: 0.073988425 | ED8: -0.15737687 | EE8: 0.1576776 | EF8: -0.12718002
A10: 投資組合 | C10: 公司數 | D10: 964
A11: 等分 | B11: 家數 | C11: 2014/01 | D11: 2014/02 | E11: 2014/03 | F11: 2014/04 | G11: 2014/05 | H11: 2014/06 | I11: 2014/07 | J11: 2014/08 | K11: 2014/09 | L11: 2014/10 | M11: 2014/11 | N11: 2014/12 | O11: 2015/01 | P11: 2015/02 | Q11: 2015/03 | R11: 2015/04 | S11: 2015/05 | T11: 2015/06 | U11: 2015/07 | V11: 2015/08 | W11: 2015/09 | X11: 2015/10 | Y11: 2015/11 | Z11: 2015/12 | AA11: 2016/01 | AB11: 2016/02 | AC11: 2016/03 | AD11: 2016/04 | AE11: 2016/05 | AF11: 2016/06 | AG11: 2016/07 | AH11: 2016/08 | AI11: 2016/09 | AJ11: 2016/10 | AK11: 2016/11 | AL11: 2016/12 | AM11: 2017/01 | AN11: 2017/02 | AO11: 2017/03 | AP11: 2017/04 | AQ11: 2017/05 | AR11: 2017/06 | AS11: 2017/07 | AT11: 2017/08 | AU11: 2017/09 | AV11: 2017/10 | AW11: 2017/11 | AX11: 2017/12 | AY11: 2018/01 | AZ11: 2018/02 | BA11: 2018/03 | BB11: 2018/04 | BC11: 2018/05 | BD11: 2018/06 | BE11: 2018/07 | BF11: 2018/08 | BG11: 2018/09 | BH11: 2018/10 | BI11: 2018/11 | BJ11: 2018/12 | BK11: 2019/01 | BL11: 2019/02 | BM11: 2019/03 | BN11: 2019/04 | BO11: 2019/05 | BP11: 2019/06 | BQ11: 2019/07 | BR11: 2019/08 | BS11: 2019/09 | BT11: 2019/10 | BU11: 2019/11 | BV11: 2019/12 | BW11: 2020/01 | BX11: 2020/02 | BY11: 2020/03 | BZ11: 2020/04 | CA11: 2020/05 | CB11: 2020/06 | CC11: 2020/07 | CD11: 2020/08 | CE11: 2020/09 | CF11: 2020/10 | CG11: 2020/11 | CH11: 2020/12 | CI11: 2021/01 | CJ11: 2021/02 | CK11: 2021/03 | CL11: 2021/04 | CM11: 2021/05 | CN11: 2021/06 | CO11: 2021/07 | CP11: 2021/08 | CQ11: 2021/09 | CR11: 2021/10 | CS11: 2021/11 | CT11: 2021/12 | CU11: 2022/01 | CV11: 2022/02 | CW11: 2022/03 | CX11: 2022/04 | CY11: 2022/05 | CZ11: 2022/06 | DA11: 2022/07 | DB11: 2022/08 | DC11: 2022/09 | DD11: 2022/10 | DE11: 2022/11 | DF11: 2022/12 | DG11: 2023/01 | DH11: 2023/02 | DI11: 2023/03 | DJ11: 2023/04 | DK11: 2023/05 | DL11: 2023/06 | DM11: 2023/07 | DN11: 2023/08 | DO11: 2023/09 | DP11: 2023/10 | DQ11: 2023/11 | DR11: 2023/12 | DS11: 2024/01 | DT11: 2024/02 | DU11: 2024/03 | DV11: 2024/04 | DW11: 2024/05 | DX11: 2024/06 | DY11: 2024/07 | DZ11: 2024/08 | EA11: 2024/09 | EB11: 2024/10 | EC11: 2024/11 | ED11: 2024/12 | EE11: 2025/01 | EF11: 2025/02
A12: 10 | B12: 96 | C12: 0.08669241 | D12: 0.11417438 | E12: 0.05158948 | F12: 0.05595938 | G12: 0.01518301 | H12: -0.00959926 | I12: -0.00865815 | J12: 0.04240914 | K12: -0.029188 | L12: 0.00875856 | M12: -0.02688917 | N12: 0.03470335 | O12: -0.02791476 | P12: 0.00025433 | Q12: 0.0041954 | R12: 0.01280542 | S12: 0.01105503 | T12: 0.04340357 | U12: 0.00135652 | V12: 0.0096554 | W12: 0.06403941 | X12: 0.10892036 | Y12: -0.02049478 | Z12: 0.06493404 | AA12: 0.03863679 | AB12: -0.01073333 | AC12: 0.04677295 | AD12: 0.00939224 | AE12: 0.03774651 | AF12: -0.0520121 | AG12: 0.03089537 | AH12: 0.01407318 | AI12: 0.00879379 | AJ12: -0.02103366 | AK12: 0.04817399 | AL12: -0.04489094 | AM12: -0.01973838 | AN12: 0.06928955 | AO12: 0.01170404 | AP12: 0.03139715 | AQ12: 0.00169693 | AR12: -0.02222303 | AS12: 0.01997627 | AT12: 0.01321936 | AU12: 0.00371354 | AV12: -0.05371563 | AW12: 0.0171697 | AX12: -0.04384826 | AY12: -0.01690956 | AZ12: -0.02361455 | BA12: 0.07127616 | BB12: -0.02903665 | BC12: -0.02669097 | BD12: 0.04923362 | BE12: -0.03536855 | BF12: -0.06761695 | BG12: 0.03382252 | BH12: -0.03507959 | BI12: 0.05097313 | BJ12: 0.0434225 | BK12: 0.00065738 | BL12: 0.02470925 | BM12: 0.05030568 | BN12: 0.01950254 | BO12: 0.00249404 | BP12: 0.0151588 | BQ12: 0.01533947 | BR12: 0.06869362 | BS12: 0.01862442 | BT12: 0.01636478 | BU12: 0.04808337 | BV12: 0.03034928 | BW12: 0.05548756 | BX12: -0.00698515 | BY12: 0.04581599 | BZ12: -0.03237873 | CA12: 0.03158368 | CB12: 0.07247588 | CC12: 0.06556661 | CD12: 0.10772592 | CE12: 0.15400701 | CF12: 0.02516457 | CG12: 0.04167925 | CH12: 0.06646705 | CI12: 0.03511917 | CJ12: -0.05412007 | CK12: -0.05610144 | CL12: 0.11801561 | CM12: 0.07061391 | CN12: 0.0784652 | CO12: 0.07137327 | CP12: 0.04519343 | CQ12: 0.06268435 | CR12: 0.05715999 | CS12: 0.01520165 | CT12: 0.00932906 | CU12: 0.03334614 | CV12: 0.00463158 | CW12: 0.02936667 | CX12: 0.06098988 | CY12: 0.0164206 | CZ12: 0.07930253 | DA12: -0.01682433 | DB12: 0.09016464 | DC12: 0.03447259 | DD12: -0.06996055 | DE12: 0.02473764 | DF12: 0.05542041 | DG12: 0.04624092 | DH12: -0.03080316 | DI12: -0.02997925 | DJ12: 0.01542829 | DK12: 0.03079659 | DL12: 0.01866983 | DM12: 0.01970281 | DN12: 0.03912576 | DO12: 0.01903073 | DP12: 0.04846012 | DQ12: 0.02255058 | DR12: 0.01085205 | DS12: 0.07013771 | DT12: 0.04295136 | DU12: 0.05712811 | DV12: 0.05258831 | DW12: 0.04496125 | DX12: 0.05024951 | DY12: 0.05281902 | DZ12: 0.00655929 | EA12: 0.06425958 | EB12: 0.03052578 | EC12: 0.02665151 | ED12: 0.05770915 | EE12: 0.02591775 | EF12: 0.02901453
A13: 20 | B13: 48 | C13: 0.10411275 | D13: 0.12374503 | E13: 0.06986156 | F13: 0.05998653 | G13: 0.01799323 | H13: -0.01738839 | I13: 0.03228599 | J13: 0.03765853 | K13: -0.06032614 | L13: 0.02198047 | M13: -0.00327976 | N13: 0.04339242 | O13: -0.0174227 | P13: 0.00627765 | Q13: -0.01745638 | R13: 0.01651071 | S13: -0.0060138 | T13: 0.0502519 | U13: -0.02876133 | V13: 0.00221664 | W13: 0.07547656 | X13: 0.12312815 | Y13: 0.00668336 | Z13: 0.07287805 | AA13: 0.03368103 | AB13: -0.01500157 | AC13: 0.0667717 | AD13: 0.02154369 | AE13: 0.04379824 | AF13: -0.07328116 | AG13: 0.03168178 | AH13: 0.01068719 | AI13: 0.01864605 | AJ13: -0.00170745 | AK13: 0.06598791 | AL13: -0.04656453 | AM13: 0.00768004 | AN13: 0.10524544 | AO13: 0.00302041 | AP13: 0.0583617 | AQ13: 0.00234007 | AR13: -0.02084804 | AS13: 0.02340496 | AT13: 0.04046309 | AU13: -0.01569542 | AV13: -0.07966598 | AW13: 0.02682124 | AX13: -0.02838278 | AY13: -0.01146735 | AZ13: -0.03122054 | BA13: 0.07982912 | BB13: -0.0225474 | BC13: -0.01911087 | BD13: 0.04167631 | BE13: -0.04377379 | BF13: -0.12165714 | BG13: 0.04139871 | BH13: -0.04102366 | BI13: 0.05240913 | BJ13: 0.05145192 | BK13: 0.0088784 | BL13: 0.03194786 | BM13: 0.05337177 | BN13: -0.00410154 | BO13: 0.0044924 | BP13: 0.01845625 | BQ13: 0.04270743 | BR13: 0.07983146 | BS13: 0.00756975 | BT13: 0.00052107 | BU13: 0.07465817 | BV13: 0.02934981 | BW13: 0.08623015 | BX13: -0.00074564 | BY13: 0.03082776 | BZ13: -0.06597673 | CA13: 0.03238228 | CB13: 0.12042697 | CC13: 0.12011817 | CD13: 0.10623144 | CE13: 0.18382784 | CF13: 0.04560016 | CG13: 0.03900046 | CH13: 0.05833461 | CI13: 0.05185351 | CJ13: -0.05481018 | CK13: -0.06568713 | CL13: 0.07837308 | CM13: 0.10145222 | CN13: 0.10099417 | CO13: 0.08556624 | CP13: 0.06972654 | CQ13: 0.07117886 | CR13: 0.11164489 | CS13: -0.01197031 | CT13: -0.00040854 | CU13: 0.0381492 | CV13: 0.02431898 | CW13: 0.01045696 | CX13: 0.06077974 | CY13: 0.04120175 | CZ13: 0.05722422 | DA13: -0.01693663 | DB13: 0.10623532 | DC13: 0.02977557 | DD13: -0.06897706 | DE13: 0.022442 | DF13: 0.08312219 | DG13: 0.04772908 | DH13: -0.03880652 | DI13: -0.02957042 | DJ13: 0.00598358 | DK13: 0.01938663 | DL13: 0.02205069 | DM13: -0.00053162 | DN13: 0.0148398 | DO13: 0.04432514 | DP13: 0.04499715 | DQ13: 0.02643008 | DR13: 0.01446696 | DS13: 0.06859685 | DT13: 0.0354263 | DU13: 0.03460772 | DV13: 0.07962014 | DW13: 0.04325803 | DX13: 0.06464192 | DY13: 0.05101728 | DZ13: 0.03012492 | EA13: 0.0766312 | EB13: 0.05720529 | EC13: 0.04165975 | ED13: 0.06568209 | EE13: 0.04062502 | EF13: 0.04259039
A14: 50 | B14: 19 | C14: 0.11994149 | D14: 0.22230845 | E14: 0.09876825 | F14: 0.0603419 | G14: 0.08514876 | H14: 0.01150826 | I14: 0.03010014 | J14: 0.01441091 | K14: -0.05082747 | L14: 0.05627108 | M14: 0.01902171 | N14: 0.05736943 | O14: -0.00149441 | P14: -0.00654142 | Q14: -0.07929766 | R14: -0.01776231 | S14: -0.02480675 | T14: 0.06984148 | U14: -0.03055617 | V14: -0.0524213 | W14: 0.11616579 | X14: 0.1866857 | Y14: 0.05519099 | Z14: 0.0456464 | AA14: 0.03945018 | AB14: -0.02733598 | AC14: -0.00308656 | AD14: 0.03932789 | AE14: 0.10743434 | AF14: -0.0960801 | AG14: 0.02052089 | AH14: 0.00525028 | AI14: -0.03546264 | AJ14: 0.02450558 | AK14: 0.07106183 | AL14: -0.05123018 | AM14: 0.00537089 | AN14: 0.09787823 | AO14: -0.00999865 | AP14: 0.07054608 | AQ14: -0.02973338 | AR14: -0.00758269 | AS14: -0.00666934 | AT14: 0.0144197 | AU14: -0.05742161 | AV14: -0.06625875 | AW14: 0.05392868 | AX14: -0.01032761 | AY14: -0.00169057 | AZ14: -0.06107058 | BA14: 0.09633733 | BB14: -0.11031125 | BC14: 0.02850568 | BD14: 0.04349692 | BE14: -0.07008177 | BF14: -0.15382926 | BG14: 0.04137426 | BH14: -0.07341346 | BI14: 0.05018521 | BJ14: 0.02401693 | BK14: 0.03369142 | BL14: 0.05973777 | BM14: 0.04627833 | BN14: -0.04537171 | BO14: 0.01323824 | BP14: 0.01733685 | BQ14: 0.01584352 | BR14: 0.10005242 | BS14: -0.04097084 | BT14: -0.03072648 | BU14: 0.11136102 | BV14: 0.0238989 | BW14: 0.11840804 | BX14: 0.0143353 | BY14: 0.08039977 | BZ14: -0.09337468 | CA14: 0.02446527 | CB14: 0.1644655 | CC14: 0.12059616 | CD14: 0.08716938 | CE14: 0.1705553 | CF14: 0.09233068 | CG14: 0.05306703 | CH14: 0.06466139 | CI14: 0.10588478 | CJ14: -0.01779612 | CK14: -0.05379209 | CL14: 0.06226995 | CM14: 0.11006897 | CN14: 0.17459567 | CO14: 0.17324915 | CP14: 0.09980933 | CQ14: 0.0322279 | CR14: 0.20771971 | CS14: -0.05902712 | CT14: 0.00966189 | CU14: -0.04357201 | CV14: 0.03939943 | CW14: 0.008234 | CX14: 0.0362719 | CY14: 0.09636113 | CZ14: 0.06406356 | DA14: 0.05635188 | DB14: 0.10460744 | DC14: 0.02363261 | DD14: -0.07920535 | DE14: 0.06252692 | DF14: 0.20156284 | DG14: 0.0455834 | DH14: -0.00841324 | DI14: -0.04065913 | DJ14: 0.01589759 | DK14: 0.08162155 | DL14: 0.04075487 | DM14: 0.00112115 | DN14: 0.03985171 | DO14: 0.07028855 | DP14: 0.00361786 | DQ14: 0.08936786 | DR14: 0.0054841 | DS14: 0.05605182 | DT14: 0.04451695 | DU14: 0.06879527 | DV14: 0.10826235 | DW14: 0.00180931 | DX14: 0.10216122 | DY14: 0.0742587 | DZ14: 0.035031 | EA14: 0.07810527 | EB14: 0.07817983 | EC14: 0.00607938 | ED14: 0.09887025 | EE14: -0.00339925 | EF14: 0.02552536
A15: 100 | B15: 10 | C15: 0.22764466 | D15: 0.37270922 | E15: 0.06603849 | F15: -0.03492144 | G15: 0.09660559 | H15: 0.00124373 | I15: 0.07929309 | J15: 0.04269185 | K15: -0.0945148 | L15: 0.08117106 | M15: 0.00213302 | N15: 0.10979619 | O15: 0.0122708 | P15: -0.02189657 | Q15: -0.04589873 | R15: -0.12669106 | S15: 0.08548789 | T15: 0.06680012 | U15: -0.07819939 | V15: -0.11012701 | W15: 0.10693456 | X15: 0.21118633 | Y15: 0.0520288 | Z15: 0.04671997 | AA15: 0.05126801 | AB15: -0.0221664 | AC15: 0.00431767 | AD15: 0.03969048 | AE15: 0.10131332 | AF15: -0.13772629 | AG15: 0.02044227 | AH15: -0.03710418 | AI15: -0.02484926 | AJ15: 0.03371792 | AK15: 0.06175962 | AL15: -0.03236017 | AM15: 0.04702644 | AN15: 0.09286191 | AO15: 0.03570184 | AP15: 0.08645777 | AQ15: -0.03645332 | AR15: -0.01773383 | AS15: -0.04873322 | AT15: 0.06525499 | AU15: -0.07717408 | AV15: -0.03729793 | AW15: 0.09172747 | AX15: -0.06427588 | AY15: -0.02900566 | AZ15: -0.06784633 | BA15: 0.15768795 | BB15: -0.19771315 | BC15: 0.03093669 | BD15: 0.00759201 | BE15: -0.04139797 | BF15: -0.21087209 | BG15: 0.00282482 | BH15: -0.09864905 | BI15: 0.06858666 | BJ15: 0.0751539 | BK15: -0.04560493 | BL15: 0.06274818 | BM15: 0.048219 | BN15: -0.06605404 | BO15: -0.06955561 | BP15: -0.01086316 | BQ15: 0.01280293 | BR15: 0.12376214 | BS15: -0.01682378 | BT15: -0.05985094 | BU15: 0.08554573 | BV15: 0.05922894 | BW15: 0.20414584 | BX15: 0.05385157 | BY15: 0.09333839 | BZ15: -0.20472002 | CA15: 0.01859202 | CB15: 0.1310914 | CC15: 0.17365171 | CD15: 0.10234801 | CE15: 0.07336812 | CF15: 0.09846999 | CG15: -0.00429888 | CH15: 0.06288596 | CI15: 0.02780307 | CJ15: -0.04067172 | CK15: -0.09564075 | CL15: 0.03142197 | CM15: 0.10811976 | CN15: 0.14314982 | CO15: 0.17335999 | CP15: 0.12753584 | CQ15: -0.02496336 | CR15: 0.18148893 | CS15: -0.06018517 | CT15: -0.00494167 | CU15: -0.06317866 | CV15: 0.0604445 | CW15: -0.02725744 | CX15: 0.02403961 | CY15: 0.0929479 | CZ15: 0.07988695 | DA15: -0.05788215 | DB15: 0.09704824 | DC15: 0.02482111 | DD15: -0.01450673 | DE15: 0.05716363 | DF15: 0.30272045 | DG15: 0.04791748 | DH15: 0.00093841 | DI15: -0.05410832 | DJ15: 0.04756662 | DK15: 0.10032893 | DL15: -0.00030399 | DM15: -0.00177326 | DN15: 0.0439965 | DO15: 0.03410442 | DP15: -0.04033019 | DQ15: 0.09504091 | DR15: -0.03047264 | DS15: 0.03753014 | DT15: 0.07216363 | DU15: 0.11712765 | DV15: 0.13421062 | DW15: -0.06082633 | DX15: 0.11861625 | DY15: 0.14360957 | DZ15: 0.04045565 | EA15: 0.02749364 | EB15: 0.08808745 | EC15: 0.06190947 | ED15: 0.11335706 | EE15: 0.00319072 | EF15: 0.02964606
A16: 107 | B16: 9 | C16: 0.20787478 | D16: 0.40819498 | E16: 0.06500658 | F16: -0.07871547 | G16: 0.10901251 | H16: 0.00064935 | I16: 0.10921796 | J16: 0.04670993 | K16: -0.08642089 | L16: 0.0851616 | M16: 0.01398744 | N16: 0.1202425 | O16: 0.02858708 | P16: -0.00818818 | Q16: -0.08147864 | R16: -0.10310969 | S16: 0.10985904 | T16: 0.06721906 | U16: -0.09147193 | V16: -0.07557149 | W16: 0.07837349 | X16: 0.24053196 | Y16: 0.05027883 | Z16: 0.03403977 | AA16: 0.04348764 | AB16: -0.03229541 | AC16: -0.01276545 | AD16: 0.03481117 | AE16: 0.09650236 | AF16: -0.14791561 | AG16: 0.01329075 | AH16: -0.0317654 | AI16: -0.03338326 | AJ16: 0.04812048 | AK16: 0.0644214 | AL16: -0.0054397 | AM16: 0.05214573 | AN16: 0.1064562 | AO16: 0.04004267 | AP16: 0.07779837 | AQ16: -0.05449775 | AR16: -0.03437198 | AS16: -0.05264272 | AT16: 0.04954716 | AU16: -0.08209027 | AV16: -0.05208084 | AW16: 0.10898494 | AX16: -0.07724101 | AY16: -0.01960185 | AZ16: -0.08815018 | BA16: 0.1599907 | BB16: -0.22547356 | BC16: 0.03899939 | BD16: 0.00628218 | BE16: -0.06119764 | BF16: -0.24778686 | BG16: 0.0122014 | BH16: -0.09616203 | BI16: 0.05233576 | BJ16: 0.08142812 | BK16: -0.05137162 | BL16: 0.07062357 | BM16: 0.03949799 | BN16: -0.06719797 | BO16: -0.07421686 | BP16: -0.01345824 | BQ16: 0.01647802 | BR16: 0.13058297 | BS16: -0.01987319 | BT16: -0.04666088 | BU16: 0.09186151 | BV16: 0.0567357 | BW16: 0.22394491 | BX16: 0.06655952 | BY16: 0.11899471 | BZ16: -0.13158185 | CA16: 0.02971439 | CB16: 0.13930874 | CC16: 0.04438815 | CD16: 0.15507127 | CE16: 0.09361423 | CF16: 0.10520126 | CG16: -0.00537852 | CH16: 0.04169741 | CI16: 0.03870988 | CJ16: -0.02970339 | CK16: -0.08842269 | CL16: 0.01846278 | CM16: 0.11305584 | CN16: 0.16035992 | CO16: 0.20954752 | CP16: 0.13663169 | CQ16: -0.02033378 | CR16: 0.18928653 | CS16: -0.06655916 | CT16: -0.02555738 | CU16: -0.06343465 | CV16: 0.05945399 | CW16: -0.03167311 | CX16: 0.01224028 | CY16: 0.08128064 | CZ16: 0.10263326 | DA16: -0.0781063 | DB16: 0.09801728 | DC16: 0.03535772 | DD16: -0.03174371 | DE16: 0.0345524 | DF16: 0.32557955 | DG16: 0.04567692 | DH16: -0.00397883 | DI16: -0.0453995 | DJ16: 0.05175322 | DK16: 0.09625462 | DL16: -0.02187287 | DM16: -0.038135 | DN16: 0.04243785 | DO16: 0.04656387 | DP16: -0.02471658 | DQ16: 0.08303366 | DR16: -0.06830538 | DS16: 0.02144067 | DT16: 0.10053413 | DU16: 0.12277205 | DV16: 0.13695373 | DW16: -0.07130257 | DX16: 0.12528471 | DY16: 0.15757213 | DZ16: 0.05881075 | EA16: 0.04666137 | EB16: 0.1006791 | EC16: 0.06353207 | ED16: 0.11541675 | EE16: 0.00439668 | EF16: 0.03455064
A17: 120 | B17: 8 | C17: 0.20609219 | D17: 0.43958849 | E17: 0.07958985 | F17: -0.08075216 | G17: 0.11713148 | H17: -0.00794286 | I17: 0.11307752 | J17: 0.05243602 | K17: -0.10156008 | L17: 0.04223479 | M17: -0.01465914 | N17: 0.10927783 | O17: 0.01130668 | P17: -0.01338295 | Q17: -0.10026683 | R17: -0.13642645 | S17: 0.11905439 | T17: 0.06761646 | U17: -0.0624059 | V17: -0.09725966 | W17: 0.07914199 | X17: 0.23798943 | Y17: 0.07362313 | Z17: 0.04372306 | AA17: 0.03520979 | AB17: -0.0445383 | AC17: -0.02008625 | AD17: 0.06861982 | AE17: 0.12715842 | AF17: -0.12028632 | AG17: 0.02274098 | AH17: -0.03547262 | AI17: -0.05703798 | AJ17: 0.06161262 | AK17: 0.07371627 | AL17: -0.02701818 | AM17: 0.09335171 | AN17: 0.11328712 | AO17: 0.03070403 | AP17: 0.07887378 | AQ17: -0.06127725 | AR17: -0.04580263 | AS17: -0.05880296 | AT17: 0.05226781 | AU17: -0.11569961 | AV17: -0.05852945 | AW17: 0.07618961 | AX17: -0.07252933 | AY17: -0.01547805 | AZ17: -0.07049423 | BA17: 0.16280641 | BB17: -0.23044204 | BC17: 0.02729282 | BD17: 0.01941187 | BE17: -0.04411025 | BF17: -0.14777683 | BG17: -0.03539424 | BH17: -0.13319111 | BI17: 0.09936539 | BJ17: 0.08919148 | BK17: -0.01675133 | BL17: 0.07748297 | BM17: 0.02905901 | BN17: -0.07365677 | BO17: -0.0850873 | BP17: 0.00031058 | BQ17: 0.01137651 | BR17: 0.11502235 | BS17: -0.00410347 | BT17: -0.05265016 | BU17: 0.1045243 | BV17: 0.06228267 | BW17: 0.22723409 | BX17: 0.08264099 | BY17: 0.09586087 | BZ17: -0.06685753 | CA17: 0.02793483 | CB17: 0.14963316 | CC17: 0.04176025 | CD17: 0.17022985 | CE17: 0.09570807 | CF17: 0.0987462 | CG17: -0.00871775 | CH17: 0.05863645 | CI17: 0.01453118 | CJ17: -0.02095083 | CK17: -0.08395585 | CL17: -0.01115051 | CM17: 0.09549387 | CN17: 0.17653128 | CO17: 0.19808042 | CP17: 0.14815927 | CQ17: 0.0519071 | CR17: 0.19640263 | CS17: -0.09684163 | CT17: -0.01733928 | CU17: -0.07440831 | CV17: 0.06789102 | CW17: -0.02315584 | CX17: 0.01077239 | CY17: 0.07560891 | CZ17: 0.12424884 | DA17: -0.0481098 | DB17: 0.10427163 | DC17: 0.04336347 | DD17: -0.02915542 | DE17: 0.02412486 | DF17: 0.35222555 | DG17: 0.04721099 | DH17: -0.01265389 | DI17: -0.03504454 | DJ17: 0.0571465 | DK17: 0.10278127 | DL17: -0.00392973 | DM17: -0.04256361 | DN17: 0.03548903 | DO17: 0.06525054 | DP17: -0.02509743 | DQ17: 0.10770247 | DR17: -0.04543126 | DS17: 0.03735409 | DT17: 0.09398021 | DU17: 0.12949296 | DV17: 0.11907757 | DW17: -0.07659891 | DX17: 0.12953898 | DY17: 0.1072829 | DZ17: 0.04921263 | EA17: 0.01181792 | EB17: 0.10728533 | EC17: 0.01642522 | ED17: 0.12832444 | EE17: -0.00019352 | EF17: 0.04098721
A18: 137 | B18: 7 | C18: 0.18975112 | D18: 0.40188368 | E18: 0.05343935 | F18: -0.11938296 | G18: 0.13305806 | H18: -0.00862223 | I18: 0.12862656 | J18: 0.04341152 | K18: -0.13564789 | L18: 0.05075821 | M18: -0.02905146 | N18: 0.14120749 | O18: -0.03173794 | P18: -0.00832809 | Q18: -0.09305959 | R18: -0.15418919 | S18: 0.14380523 | T18: 0.0526381 | U18: -0.05515034 | V18: -0.12139146 | W18: 0.07729628 | X18: 0.21512106 | Y18: 0.10387924 | Z18: 0.08923436 | AA18: 0.04170525 | AB18: -0.06264481 | AC18: 0.00136542 | AD18: 0.09628585 | AE18: 0.14352924 | AF18: -0.15054364 | AG18: 0.01574367 | AH18: -0.04019746 | AI18: -0.08142375 | AJ18: 0.07086722 | AK18: 0.04570256 | AL18: -0.03281281 | AM18: 0.09605303 | AN18: 0.11682605 | AO18: 0.04666895 | AP18: 0.08502876 | AQ18: -0.06415497 | AR18: -0.03900247 | AS18: -0.08325313 | AT18: 0.04332565 | AU18: -0.13889821 | AV18: -0.06023566 | AW18: 0.09776686 | AX18: -0.11340549 | AY18: -0.03018936 | AZ18: -0.05164633 | BA18: 0.18047976 | BB18: -0.31745743 | BC18: -0.02794205 | BD18: 0.02027514 | BE18: -0.09117285 | BF18: -0.16498649 | BG18: -0.01680624 | BH18: -0.13789827 | BI18: 0.10900001 | BJ18: 0.09953152 | BK18: -0.00098108 | BL18: 0.08115767 | BM18: 0.02808136 | BN18: -0.0782087 | BO18: -0.06216908 | BP18: 0.00845134 | BQ18: 0.01890528 | BR18: 0.12096182 | BS18: -0.0131139 | BT18: -0.06154532 | BU18: 0.11146155 | BV18: 0.07052164 | BW18: 0.26103993 | BX18: 0.07458086 | BY18: 0.06268674 | BZ18: -0.03534765 | CA18: 0.01607654 | CB18: 0.10684606 | CC18: 0.10466062 | CD18: 0.19371682 | CE18: 0.07726039 | CF18: 0.07181759 | CG18: -0.0083364 | CH18: 0.16265705 | CI18: 0.03886914 | CJ18: 0.00377237 | CK18: -0.09605803 | CL18: -0.03098955 | CM18: 0.10276961 | CN18: 0.12094313 | CO18: 0.22828209 | CP18: 0.16283911 | CQ18: 0.03824268 | CR18: 0.19372241 | CS18: -0.07802725 | CT18: 0.01627249 | CU18: -0.07164869 | CV18: 0.06294462 | CW18: -0.02832826 | CX18: 0.06156019 | CY18: 0.09317838 | CZ18: 0.13284286 | DA18: -0.07689055 | DB18: 0.11811472 | DC18: 0.03640878 | DD18: -0.04101419 | DE18: 0.03842059 | DF18: 0.36669201 | DG18: 0.05477048 | DH18: -0.01305003 | DI18: -0.01861325 | DJ18: 0.05065451 | DK18: 0.10652726 | DL18: -0.00383027 | DM18: -0.05845716 | DN18: -0.01672206 | DO18: 0.03019902 | DP18: -0.02151033 | DQ18: 0.10072728 | DR18: -0.05246106 | DS18: 0.01127798 | DT18: 0.11601739 | DU18: 0.15871482 | DV18: 0.10564061 | DW18: -0.06863695 | DX18: 0.15360298 | DY18: 0.13683311 | DZ18: 0.05463037 | EA18: -0.00636156 | EB18: 0.10996435 | EC18: 0.00276412 | ED18: 0.11047802 | EE18: 0.00111129 | EF18: 0.06395433
A19: 160 | B19: 6 | C19: 0.19660027 | D19: 0.40752071 | E19: 0.06581421 | F19: -0.17768866 | G19: 0.15286434 | H19: 0.01206879 | I19: 0.13411218 | J19: 0.03542958 | K19: -0.23878941 | L19: 0.02032665 | M19: 0.04369024 | N19: 0.15184358 | O19: -0.03156187 | P19: -0.02351316 | Q19: -0.08186611 | R19: -0.14558327 | S19: 0.12269188 | T19: 0.02528021 | U19: -0.06725 | V19: -0.09268832 | W19: 0.07241557 | X19: 0.14939987 | Y19: 0.10313024 | Z19: 0.09161911 | AA19: 0.02329 | AB19: -0.05171875 | AC19: 0.01414154 | AD19: 0.09599338 | AE19: 0.16941606 | AF19: -0.16883058 | AG19: 0.0025952 | AH19: -0.05655772 | AI19: -0.04776635 | AJ19: 0.07720271 | AK19: 0.00755204 | AL19: -0.01491461 | AM19: 0.06112413 | AN19: 0.08356829 | AO19: 0.05774641 | AP19: 0.08757412 | AQ19: -0.04237567 | AR19: 0.04114451 | AS19: -0.10919888 | AT19: 0.04929498 | AU19: -0.15301463 | AV19: 0.00303261 | AW19: 0.1366934 | AX19: -0.14007951 | AY19: -0.06627324 | AZ19: -0.11561153 | BA19: 0.18699678 | BB19: -0.36416093 | BC19: -0.18457179 | BD19: -7.371e-05 | BE19: -0.08948072 | BF19: -0.14180943 | BG19: -0.01634366 | BH19: -0.14049691 | BI19: 0.12779863 | BJ19: 0.05181931 | BK19: 0.06951904 | BL19: 0.09159567 | BM19: 0.03178626 | BN19: -0.08141326 | BO19: -0.10556468 | BP19: -0.00281414 | BQ19: 0.00993404 | BR19: 0.13683924 | BS19: -0.02425634 | BT19: -0.0823234 | BU19: 0.13067063 | BV19: 0.09365524 | BW19: 0.2959763 | BX19: 0.05483028 | BY19: 0.02767549 | BZ19: -0.00342503 | CA19: 0.02932876 | CB19: 0.12783821 | CC19: 0.02250623 | CD19: 0.2156192 | CE19: 0.08847486 | CF19: 0.0799044 | CG19: -0.05063353 | CH19: 0.15288987 | CI19: 0.03706695 | CJ19: 0.01181192 | CK19: -0.11879726 | CL19: -0.04324028 | CM19: 0.11023588 | CN19: 0.14319321 | CO19: 0.25123563 | CP19: 0.1590326 | CQ19: 0.03239461 | CR19: 0.17630672 | CS19: -0.06070085 | CT19: 0.02794064 | CU19: -0.0834364 | CV19: 0.07614249 | CW19: -0.03219213 | CX19: 0.05763473 | CY19: 0.10789212 | CZ19: 0.11285183 | DA19: -0.1196964 | DB19: 0.14796185 | DC19: -0.0351794 | DD19: -0.00620113 | DE19: 0.03301841 | DF19: 0.20550175 | DG19: 0.06637426 | DH19: -0.04322061 | DI19: -0.05864703 | DJ19: 0.0804996 | DK19: 0.12144231 | DL19: -0.01198279 | DM19: -0.05730043 | DN19: 0.00247512 | DO19: 0.04870552 | DP19: -0.00400246 | DQ19: 0.12048938 | DR19: -0.03318106 | DS19: -0.00567731 | DT19: 0.1331285 | DU19: 0.15058192 | DV19: 0.11953184 | DW19: -0.10129597 | DX19: 0.13836513 | DY19: 0.13924868 | DZ19: 0.07853795 | EA19: -0.02807935 | EB19: 0.10875351 | EC19: -0.00830183 | ED19: 0.15093532 | EE19: -0.00730653 | EF19: 0.07402292
A20: 192 | B20: 5 | C20: 0.20155105 | D20: 0.38202502 | E20: 0.05733635 | F20: -0.20553126 | G20: 0.15802736 | H20: -0.01158303 | I20: 0.18586318 | J20: 0.03447126 | K20: -0.2147245 | L20: 0.00899977 | M20: 0.07771823 | N20: 0.16814359 | O20: -0.04986489 | P20: -0.04313868 | Q20: -0.10704532 | R20: -0.19094247 | S20: 0.08256261 | T20: -0.01566291 | U20: -0.01372036 | V20: -0.1035176 | W20: 0.09108487 | X20: 0.21038641 | Y20: 0.12896504 | Z20: 0.10561696 | AA20: 0.02159455 | AB20: -0.03289855 | AC20: 0.04724826 | AD20: 0.12984342 | AE20: 0.17528151 | AF20: -0.22349782 | AG20: 0.02765922 | AH20: -0.0901782 | AI20: -0.08327935 | AJ20: 0.06072568 | AK20: -0.01359512 | AL20: -0.02078027 | AM20: 0.06752986 | AN20: 0.0645854 | AO20: 0.06808546 | AP20: 0.11055597 | AQ20: -0.03330823 | AR20: 0.029739 | AS20: -0.04229172 | AT20: 0.00585877 | AU20: -0.14307264 | AV20: 0.03224661 | AW20: 0.22499784 | AX20: -0.20433922 | AY20: 0.08205764 | AZ20: -0.15627401 | BA20: 0.15133773 | BB20: -0.37844679 | BC20: -0.24014067 | BD20: 0.00836017 | BE20: -0.09827837 | BF20: -0.13797126 | BG20: 0.00378214 | BH20: -0.1500573 | BI20: 0.16438674 | BJ20: 0.05515592 | BK20: 0.10259828 | BL20: 0.08629223 | BM20: 0.04746855 | BN20: 0.01863803 | BO20: -0.13121844 | BP20: -0.01525946 | BQ20: 0.01545171 | BR20: 0.18112708 | BS20: 0.00540751 | BT20: -0.0965305 | BU20: 0.149441 | BV20: 0.11591833 | BW20: 0.34204268 | BX20: 0.05798802 | BY20: 0.04318348 | BZ20: -0.00572006 | CA20: 0.0113335 | CB20: 0.12649505 | CC20: 0.01291515 | CD20: 0.1810275 | CE20: 0.08577817 | CF20: 0.08095794 | CG20: -0.09905289 | CH20: 0.07186403 | CI20: 0.03039467 | CJ20: 0.04150998 | CK20: -0.08058962 | CL20: -0.09218493 | CM20: 0.09677581 | CN20: 0.20489183 | CO20: 0.29657331 | CP20: 0.19203121 | CQ20: 0.02311805 | CR20: 0.19548611 | CS20: -0.08836428 | CT20: 0.01807671 | CU20: -0.09486766 | CV20: 0.09700395 | CW20: -0.0258164 | CX20: 0.09029855 | CY20: 0.10096666 | CZ20: 0.15516165 | DA20: -0.22461946 | DB20: 0.07696807 | DC20: -0.03315031 | DD20: -0.00359718 | DE20: 0.01041872 | DF20: 0.24557421 | DG20: 0.05234481 | DH20: -0.04805841 | DI20: -0.07424834 | DJ20: 0.08127702 | DK20: 0.08518754 | DL20: -0.01946537 | DM20: -0.06933611 | DN20: 0.05801921 | DO20: 0.04982085 | DP20: -0.02167126 | DQ20: 0.16561708 | DR20: -0.08820888 | DS20: -0.0074907 | DT20: 0.13343598 | DU20: 0.17637517 | DV20: 0.12934547 | DW20: -0.10354617 | DX20: 0.15386633 | DY20: 0.12159146 | DZ20: 0.09019965 | EA20: 0.01491703 | EB20: 0.08240714 | EC20: 0.03404958 | ED20: 0.17691886 | EE20: -0.00174098 | EF20: 0.08580306
A21: 241 | B21: 4 | C21: 0.21462958 | D21: 0.12638792 | E21: -0.01369017 | F21: -0.18403858 | G21: 0.14533186 | H21: 0.03784408 | I21: 0.23932306 | J21: 0.06043533 | K21: -0.20688003 | L21: 0.05722617 | M21: 0.09968459 | N21: 0.13905068 | O21: -0.03435199 | P21: -0.03989172 | Q21: -0.08119537 | R21: -0.14269209 | S21: 0.20915948 | T21: 0.01404036 | U21: 0.08021574 | V21: -0.10537077 | W21: 0.12449862 | X21: 0.21363094 | Y21: 0.09272922 | Z21: 0.11420399 | AA21: -0.01949104 | AB21: -0.02195594 | AC21: 0.01882774 | AD21: 0.12882467 | AE21: 0.24045611 | AF21: -0.29514426 | AG21: 0.04430278 | AH21: -0.11420601 | AI21: -0.06772968 | AJ21: 0.07894116 | AK21: -0.03580317 | AL21: -0.03739149 | AM21: -0.06312572 | AN21: 0.11195606 | AO21: 0.09498515 | AP21: 0.04606702 | AQ21: -0.03703619 | AR21: 0.0341979 | AS21: -0.04540668 | AT21: -0.00249291 | AU21: -0.06345533 | AV21: 0.06871391 | AW21: 0.26325492 | AX21: -0.2177183 | AY21: 0.06572229 | AZ21: -0.09305939 | BA21: 0.13959268 | BB21: -0.40443143 | BC21: -0.16446053 | BD21: 0.03821915 | BE21: -0.13674536 | BF21: -0.19911722 | BG21: 0.01324431 | BH21: -0.10684211 | BI21: 0.1659696 | BJ21: 0.02239406 | BK21: 0.08297316 | BL21: 0.14272109 | BM21: 0.04079529 | BN21: 0.02579077 | BO21: -0.17006877 | BP21: 0.03027136 | BQ21: 0.05454223 | BR21: 0.14206146 | BS21: 0.01376079 | BT21: -0.0929522 | BU21: 0.17073851 | BV21: 0.142143 | BW21: 0.40213092 | BX21: 0.08837933 | BY21: 0.01491638 | BZ21: 0.0514982 | CA21: 0.06303215 | CB21: 0.20786985 | CC21: -0.00801895 | CD21: 0.28805606 | CE21: 0.06151488 | CF21: 0.13126568 | CG21: -0.14375119 | CH21: 0.07413708 | CI21: 0.08049962 | CJ21: 0.05514085 | CK21: -0.06715963 | CL21: -0.21045238 | CM21: 0.11623182 | CN21: 0.08085151 | CO21: 0.33548376 | CP21: 0.22270006 | CQ21: 0.02291219 | CR21: 0.23905997 | CS21: -0.0696464 | CT21: 0.08607256 | CU21: -0.06267356 | CV21: 0.13162753 | CW21: -0.03075248 | CX21: 0.10212218 | CY21: 0.15245231 | CZ21: 0.23745137 | DA21: -0.27617087 | DB21: 0.07146121 | DC21: -0.02112899 | DD21: -0.00281879 | DE21: 0.02897774 | DF21: 0.30115021 | DG21: 0.05940952 | DH21: 0.01035557 | DI21: -0.0901492 | DJ21: 0.07330279 | DK21: 0.09089559 | DL21: -0.01273699 | DM21: -0.0249888 | DN21: 0.07119761 | DO21: -0.01855881 | DP21: -0.03710863 | DQ21: 0.12260062 | DR21: -0.11639751 | DS21: -0.00167209 | DT21: 0.1705708 | DU21: 0.14861472 | DV21: 0.14027598 | DW21: -0.10353449 | DX21: 0.18596621 | DY21: 0.16673097 | DZ21: 0.09893057 | EA21: -0.03869399 | EB21: 0.02630219 | EC21: 0.01403706 | ED21: 0.05449886 | EE21: 0.02131059 | EF21: 0.08609767
A22: 321 | B22: 3 | C22: 0.2052803 | D22: 0.14242785 | E22: -0.0173551 | F22: -0.06783106 | G22: 0.23294542 | H22: 0.22980554 | I22: 0.2544329 | J22: 0.05259859 | K22: -0.24536591 | L22: 0.10748717 | M22: 0.07410006 | N22: 0.09803086 | O22: 0.00671588 | P22: -0.04285849 | Q22: -0.08928252 | R22: -0.18067973 | S22: 0.24705663 | T22: 0.0716519 | U22: 0.15202918 | V22: -0.05702413 | W22: 0.15804775 | X22: 0.22178676 | Y22: 0.04793833 | Z22: 0.07554827 | AA22: -0.00704802 | AB22: 0.00386523 | AC22: 0.08577646 | AD22: 0.01357279 | AE22: 0.2483752 | AF22: -0.42991677 | AG22: 0.05284154 | AH22: -0.10586596 | AI22: -0.0673929 | AJ22: 0.04586613 | AK22: 0.10128856 | AL22: -0.00114473 | AM22: -0.05637375 | AN22: 0.11113281 | AO22: 0.19067278 | AP22: 0.06253635 | AQ22: 0.05512672 | AR22: 0.1081837 | AS22: 0.0738437 | AT22: 0.00658039 | AU22: -0.1099146 | AV22: 0.08975398 | AW22: 0.37079928 | AX22: 0.00987519 | AY22: 0.09845628 | AZ22: -0.2274855 | BA22: 0.04977496 | BB22: -0.51826405 | BC22: -0.19562604 | BD22: 0.07925954 | BE22: -0.12806788 | BF22: -0.19910245 | BG22: 0.04627951 | BH22: -0.12770701 | BI22: 0.11108872 | BJ22: 0.04089033 | BK22: 0.02085476 | BL22: 0.16178034 | BM22: 0.00243048 | BN22: 0.0829379 | BO22: -0.0337511 | BP22: -0.00372744 | BQ22: 0.0278301 | BR22: 0.10656678 | BS22: -0.00583862 | BT22: 0.06714322 | BU22: 0.10435058 | BV22: 0.15854397 | BW22: 0.4277165 | BX22: 0.15293737 | BY22: -0.03235288 | BZ22: 0.05632235 | CA22: 0.02749008 | CB22: 0.25473926 | CC22: -0.125104 | CD22: 0.33387804 | CE22: 0.06684015 | CF22: 0.18879979 | CG22: -0.19309653 | CH22: 0.11591877 | CI22: 0.11777975 | CJ22: 0.12632536 | CK22: -0.11092354 | CL22: -0.2406518 | CM22: 0.21983249 | CN22: 0.15280392 | CO22: 0.2720595 | CP22: 0.25940856 | CQ22: 0.01715962 | CR22: 0.24677277 | CS22: 0.01520218 | CT22: 0.12609138 | CU22: -0.11084142 | CV22: 0.1296175 | CW22: -0.0134998 | CX22: 0.00374959 | CY22: 0.16243987 | CZ22: 0.26292048 | DA22: -0.30545166 | DB22: 0.05404162 | DC22: -0.0120564 | DD22: -0.03171017 | DE22: -0.0177565 | DF22: 0.38966763 | DG22: 0.0718895 | DH22: -0.03468875 | DI22: -0.08110554 | DJ22: 0.04277692 | DK22: 0.09142841 | DL22: -0.00321333 | DM22: -0.03188471 | DN22: 0.04676333 | DO22: 0.02376867 | DP22: -0.10509906 | DQ22: 0.131031 | DR22: -0.12963071 | DS22: -0.03634626 | DT22: 0.02637636 | DU22: 0.16154691 | DV22: 0.12570512 | DW22: -0.08141541 | DX22: 0.22244261 | DY22: 0.11995602 | DZ22: 0.1108345 | EA22: -0.07054865 | EB22: 0.12976595 | EC22: 0.0214951 | ED22: 0.07741357 | EE22: 0.04763666 | EF22: 0.03659547
A23: 482 | B23: 2 | C23: 0.28298927 | D23: 0.25409263 | E23: 0.13300519 | F23: -0.18239608 | G23: 0.36163212 | H23: 0.26281024 | I23: 0.25570287 | J23: -0.06164751 | K23: -0.14260758 | L23: 0.23244436 | M23: 0.25844992 | N23: 0.12680001 | O23: 0.01940771 | P23: -0.0106835 | Q23: -0.25084968 | R23: -0.089628 | S23: 0.169295 | T23: 0.00037337 | U23: 0.21298177 | V23: 0.06335701 | W23: 0.25954732 | X23: 0.18178119 | Y23: 0.00758876 | Z23: 0.06213982 | AA23: -0.00660629 | AB23: 0.03099139 | AC23: 0.1687548 | AD23: 0.07162887 | AE23: 0.31087846 | AF23: -0.32465933 | AG23: 0.09187366 | AH23: -0.08417158 | AI23: -0.07545017 | AJ23: -0.01696246 | AK23: 0.1141111 | AL23: -0.05131031 | AM23: 0.02047054 | AN23: 0.2423147 | AO23: 0.34648431 | AP23: -0.0031211 | AQ23: -0.17571221 | AR23: 0.2534608 | AS23: 0.08166362 | AT23: -0.04142772 | AU23: -0.20359589 | AV23: 0.04915007 | AW23: 0.58225997 | AX23: 0.01481278 | AY23: 0.0581396 | AZ23: -0.31598452 | BA23: 0.05399834 | BB23: -0.68602333 | BC23: -0.25286918 | BD23: 0.12597278 | BE23: -0.12429214 | BF23: -0.21000911 | BG23: 0.07476147 | BH23: -0.0633652 | BI23: 0.19111208 | BJ23: 0.05749386 | BK23: 0.00500986 | BL23: 0.1495343 | BM23: -0.06949546 | BN23: 0.03845324 | BO23: 0.00514959 | BP23: 0.03191355 | BQ23: 0.04961184 | BR23: 0.10282259 | BS23: -0.07327539 | BT23: 0.07018926 | BU23: 0.10568527 | BV23: 0.11346757 | BW23: 0.60099753 | BX23: 0.12421952 | BY23: -0.03993945 | BZ23: 0.20232498 | CA23: 0.0756532 | CB23: 0.31616676 | CC23: -0.08454461 | CD23: 0.19167646 | CE23: 0.0596023 | CF23: 0.15713491 | CG23: -0.39324379 | CH23: 0.18019645 | CI23: 0.30989942 | CJ23: 0.1565159 | CK23: -0.07185639 | CL23: -0.40866101 | CM23: 0.23470497 | CN23: 0.27710426 | CO23: 0.26615854 | CP23: 0.31136074 | CQ23: -0.02470227 | CR23: 0.15099817 | CS23: 0.03697422 | CT23: 0.03285022 | CU23: -0.0210566 | CV23: 0.20185146 | CW23: 0.06416511 | CX23: -0.08871699 | CY23: 0.28171083 | CZ23: 0.18199879 | DA23: -0.51777096 | DB23: 0.01874707 | DC23: 0.11919049 | DD23: -0.09279867 | DE23: -0.06008595 | DF23: 0.40879492 | DG23: 0.06762043 | DH23: -0.1095822 | DI23: -0.18491271 | DJ23: -0.03382458 | DK23: 0.09124499 | DL23: 0.02624265 | DM23: -0.04647732 | DN23: 0.0064972 | DO23: -0.08467083 | DP23: -0.0384044 | DQ23: 0.170211 | DR23: -0.12391735 | DS23: -0.11657599 | DT23: 0.12395522 | DU23: 0.05563948 | DV23: 0.27627161 | DW23: 0.02305182 | DX23: 0.31349321 | DY23: -0.05392622 | DZ23: -0.21717399 | EA23: -0.02344891 | EB23: 0.24428466 | EC23: -0.03658432 | ED23: 0.0914259 | EE23: 0.06921208 | EF23: 0.09341586
A24: 964 | B24: 1 | C24: 0.09911336 | D24: 0.10060991 | E24: 0.2845125 | F24: -0.20154572 | G24: 0.22960705 | H24: 0.35082219 | I24: 0.24038624 | J24: -0.09997219 | K24: -0.05044434 | L24: 0.33375944 | M24: 0.14681934 | N24: 0.10519171 | O24: -0.03664879 | P24: -0.07773649 | Q24: 0.09014495 | R24: -0.10836549 | S24: 0.1398838 | T24: -0.12369104 | U24: 0.39296188 | V24: 0.11654032 | W24: -0.16456452 | X24: -0.0361579 | Y24: 0.02939884 | Z24: 0.10584233 | AA24: -0.01354777 | AB24: 0.30039379 | AC24: 0.40174733 | AD24: 0.1011753 | AE24: 0.54125812 | AF24: -0.49538941 | AG24: 0.13313425 | AH24: -0.05669736 | AI24: -0.15191167 | AJ24: -0.02011237 | AK24: 0.08488395 | AL24: -0.10745443 | AM24: -0.01496655 | AN24: 0.22118947 | AO24: 0.08269172 | AP24: 0.02285172 | AQ24: -0.35649193 | AR24: 0.02035084 | AS24: 0.00328677 | AT24: 0.03045921 | AU24: -0.22984102 | AV24: -0.24768466 | AW24: -0.14871096 | AX24: -0.11149134 | AY24: 0.26743574 | AZ24: -0.60989956 | BA24: 0.05049131 | BB24: -0.87270315 | BC24: 0.00436687 | BD24: 0.01863103 | BE24: 0.05738054 | BF24: 0.06437042 | BG24: 0.02683597 | BH24: -0.14767357 | BI24: 0.22362911 | BJ24: 0.19964003 | BK24: 0.01001973 | BL24: 0.31716429 | BM24: 0.08478294 | BN24: 0.10891326 | BO24: -0.20807633 | BP24: -0.16903187 | BQ24: -0.06416963 | BR24: 0.09892089 | BS24: -0.00128472 | BT24: 0.05579926 | BU24: 0.00874849 | BV24: 0.10772845 | BW24: 1.1090121 | BX24: 0.05804337 | BY24: 0.29033687 | BZ24: 0.32032943 | CA24: 0.11522168 | CB24: 0.63969813 | CC24: -0.18246988 | CD24: 0.14430631 | CE24: 0.16556487 | CF24: 0.22172136 | CG24: -0.32381798 | CH24: 0.3542773 | CI24: -0.32845182 | CJ24: 0.30018689 | CK24: -0.32305927 | CL24: 0.14175533 | CM24: 0.63643326 | CN24: 0.6096772 | CO24: 0.45247744 | CP24: 0.1603442 | CQ24: -0.16018965 | CR24: 0.13778746 | CS24: 0.08589523 | CT24: -0.18289659 | CU24: -0.07275135 | CV24: 0.3614803 | CW24: -0.00158814 | CX24: 0.05520719 | CY24: 0.36022805 | CZ24: 0.11220663 | DA24: -0.8130224 | DB24: -0.01650187 | DC24: 0.19117576 | DD24: 0.19584472 | DE24: 0.13158559 | DF24: 0.52558501 | DG24: 0.11954529 | DH24: -0.10283284 | DI24: -0.4230988 | DJ24: 0.02108147 | DK24: 0.11968018 | DL24: 0.06136051 | DM24: -0.00041345 | DN24: 0.23333457 | DO24: -0.08311429 | DP24: -0.14433064 | DQ24: 0.13297735 | DR24: -0.34727417 | DS24: -0.06736255 | DT24: 0.03836287 | DU24: -0.0217814 | DV24: 0.1582247 | DW24: 0.1011825 | DX24: 0.31159313 | DY24: -0.00323988 | DZ24: -0.43350658 | EA24: 0.07735092 | EB24: 0.58969792 | EC24: -0.01430992 | ED24: 0.05617285 | EE24: 0.10748066 | EF24: 0.13408708
A26: 大盤 | B26: TWII | C26: -0.017446771 | D26: 0.020701061 | E26: 0.023982129 | F26: -0.006557579 | G26: 0.03184513 | H26: 0.034348533 | I26: -0.0082549328 | J26: 0.012843524 | K26: -0.051018525 | L26: 0.00087394274 | M26: 0.023389576 | N26: 0.012988972 | O26: 0.0058545887 | P26: 0.027413207 | Q26: -0.0037129361 | R26: 0.024076614 | S26: -0.012190025 | T26: -0.039749578 | U26: -0.07315545 | V26: -0.05826023 | W26: 0.00077279757 | X26: 0.044591521 | Y26: -0.02769968 | Z26: 0.0020950059 | AA26: -0.023400551 | AB26: 0.032129371 | AC26: 0.038903273 | AD26: -0.042865382 | AE26: 0.018647195 | AF26: 0.015229768 | AG26: 0.036016604 | AH26: 0.0093546114 | AI26: 0.010748251 | AJ26: 0.013357754 | AK26: -0.0053327473 | AL26: 0.0013831358 | AM26: 0.020795928 | AN26: 0.031517702 | AO26: 0.0062417165 | AP26: 0.0061452617 | AQ26: 0.016946358 | AR26: 0.03468283 | AS26: 0.0030985886 | AT26: 0.015081347 | AU26: -0.019251209 | AV26: 0.038711513 | AW26: -0.021856951 | AX26: 0.0077743007 | AY26: 0.042397247 | AZ26: -0.026308975 | BA26: 0.0095717493 | BB26: -0.024249741 | BC26: 0.020163374 | BD26: -0.0035049988 | BE26: 0.020151935 | BF26: 0.00058133623 | BG26: -0.005219701 | BH26: -0.11587176 | BI26: 0.0087252257 | BJ26: -0.016377261 | BK26: 0.020840372 | BL26: 0.044975872 | BM26: 0.023954306 | BN26: 0.030239101 | BO26: -0.043725888 | BP26: 0.02188947 | BQ26: 0.0086274303 | BR26: -0.019192954 | BS26: 0.01973513 | BT26: 0.047694337 | BU26: 0.011454817 | BV26: 0.043228621 | BW26: -0.04274743 | BX26: -0.017811292 | BY26: -0.1511531 | BZ26: 0.124224 | CA26: -0.0045572538 | CB26: 0.06021124 | CC26: 0.085992033 | CD26: -0.0058084796 | CE26: -0.006041347 | CF26: 0.0024523244 | CG26: 0.089636252 | CH26: 0.070992733 | CI26: 0.027170643 | CJ26: 0.052468428 | CK26: 0.029480661 | CL26: 0.066825081 | CM26: -0.028772229 | CN26: 0.039462516 | CO26: -0.029031087 | CP26: 0.013983883 | CQ26: -0.032276965 | CR26: 0.0031035766 | CS26: 0.025591856 | CT26: 0.044391886 | CU26: -0.030338959 | CV26: -0.0012579765 | CW26: 0.0023363565 | CX26: -0.064264145 | CY26: 0.012909779 | CZ26: -0.12547709 | DA26: 0.011690683 | DB26: 0.0063378437 | DC26: -0.11730536 | DD26: -0.036010872 | DE26: 0.1389113 | DF26: -0.051143506 | DG26: 0.076731447 | DH26: 0.015508782 | DI26: 0.023223774 | DJ26: -0.018372876 | DK26: 0.062199014 | DL26: 0.020098304 | DM26: 0.01349894 | DN26: -0.030252213 | DO26: -0.017022836 | DP26: -0.021788523 | DQ26: 0.085745625 | DR26: 0.028106744 | DS26: -0.0023031598 | DT26: 0.058471198 | DU26: 0.067658949 | DV26: 0.0050207706 | DW26: 0.037416184 | DX26: 0.084111004 | DY26: -0.036832399 | DZ26: 0.0030917028 | EA26: -0.0019576282 | EB26: 0.026459104 | EC26: -0.024752539 | ED26: 0.034115491 | EE26: 0.021061974 | EF26: -0.020277392

Sheet 預測IC
A1: OLS
B2: Time | C2: 2013/12 | D2: 2014/01 | E2: 2014/02 | F2: 2014/03 | G2: 2014/04 | H2: 2014/05 | I2: 2014/06 | J2: 2014/07 | K2: 2014/08 | L2: 2014/09 | M2: 2014/10 | N2: 2014/11 | O2: 2014/12 | P2: 2015/01 | Q2: 2015/02 | R2: 2015/03 | S2: 2015/04 | T2: 2015/05 | U2: 2015/06 | V2: 2015/07 | W2: 2015/08 | X2: 2015/09 | Y2: 2015/10 | Z2: 2015/11 | AA2: 2015/12 | AB2: 2016/01 | AC2: 2016/02 | AD2: 2016/03 | AE2: 2016/04 | AF2: 2016/05 | AG2: 2016/06 | AH2: 2016/07 | AI2: 2016/08 | AJ2: 2016/09 | AK2: 2016/10 | AL2: 2016/11 | AM2: 2016/12 | AN2: 2017/01 | AO2: 2017/02 | AP2: 2017/03 | AQ2: 2017/04 | AR2: 2017/05 | AS2: 2017/06 | AT2: 2017/07 | AU2: 2017/08 | AV2: 2017/09 | AW2: 2017/10 | AX2: 2017/11 | AY2: 2017/12 | AZ2: 2018/01 | BA2: 2018/02 | BB2: 2018/03 | BC2: 2018/04 | BD2: 2018/05 | BE2: 2018/06 | BF2: 2018/07 | BG2: 2018/08 | BH2: 2018/09 | BI2: 2018/10 | BJ2: 2018/11 | BK2: 2018/12 | BL2: 2019/01 | BM2: 2019/02 | BN2: 2019/03 | BO2: 2019/04 | BP2: 2019/05 | BQ2: 2019/06 | BR2: 2019/07 | BS2: 2019/08 | BT2: 2019/09 | BU2: 2019/10 | BV2: 2019/11 | BW2: 2019/12 | BX2: 2020/01 | BY2: 2020/02 | BZ2: 2020/03 | CA2: 2020/04 | CB2: 2020/05 | CC2: 2020/06 | CD2: 2020/07 | CE2: 2020/08 | CF2: 2020/09 | CG2: 2020/10 | CH2: 2020/11 | CI2: 2020/12 | CJ2: 2021/01 | CK2: 2021/02 | CL2: 2021/03 | CM2: 2021/04 | CN2: 2021/05 | CO2: 2021/06 | CP2: 2021/07 | CQ2: 2021/08 | CR2: 2021/09 | CS2: 2021/10 | CT2: 2021/11 | CU2: 2021/12 | CV2: 2022/01 | CW2: 2022/02 | CX2: 2022/03 | CY2: 2022/04 | CZ2: 2022/05 | DA2: 2022/06 | DB2: 2022/07 | DC2: 2022/08 | DD2: 2022/09 | DE2: 2022/10 | DF2: 2022/11 | DG2: 2022/12 | DH2: 2023/01 | DI2: 2023/02 | DJ2: 2023/03 | DK2: 2023/04 | DL2: 2023/05 | DM2: 2023/06 | DN2: 2023/07 | DO2: 2023/08 | DP2: 2023/09 | DQ2: 2023/10 | DR2: 2023/11 | DS2: 2023/12 | DT2: 2024/01 | DU2: 2024/02 | DV2: 2024/03 | DW2: 2024/04 | DX2: 2024/05 | DY2: 2024/06 | DZ2: 2024/07 | EA2: 2024/08 | EB2: 2024/09 | EC2: 2024/10 | ED2: 2024/11 | EE2: 2024/12 | EF2: 2025/01
B3: bm | C3: 0.036997 | D3: 0.033298 | E3: 0.015422 | F3: 0.016457 | G3: 0.017226 | H3: 0.028764 | I3: 0.024279 | J3: 0.027316 | K3: 0.030174 | L3: 0.025236 | M3: 0.032729 | N3: 0.031555 | O3: 0.034033 | P3: 0.033213 | Q3: 0.029103 | R3: 0.026474 | S3: 0.028295 | T3: 0.022621 | U3: 0.016144 | V3: 0.025033 | W3: 0.045784 | X3: 0.043058 | Y3: 0.037786 | Z3: 0.024097 | AA3: 0.030094 | AB3: 0.028087 | AC3: 0.033771 | AD3: 0.034132 | AE3: 0.034141 | AF3: 0.013118 | AG3: 0.024857 | AH3: 0.031884 | AI3: 0.036386 | AJ3: 0.035949 | AK3: 0.043483 | AL3: 0.038462 | AM3: 0.03941 | AN3: 0.050744 | AO3: 0.053685 | AP3: 0.049315 | AQ3: 0.032774 | AR3: 0.028295 | AS3: 0.028378 | AT3: 0.023069 | AU3: 0.029397 | AV3: 0.031038 | AW3: 0.026298 | AX3: 0.026165 | AY3: 0.032054 | AZ3: 0.034478 | BA3: 0.029332 | BB3: 0.034325 | BC3: 0.037422 | BD3: 0.031414 | BE3: 0.032006 | BF3: 0.028282 | BG3: 0.041103 | BH3: 0.045199 | BI3: 0.041588 | BJ3: 0.040723 | BK3: 0.036328 | BL3: 0.036173 | BM3: 0.037709 | BN3: 0.030814 | BO3: 0.030656 | BP3: 0.0344 | BQ3: 0.034869 | BR3: 0.036324 | BS3: 0.036164 | BT3: 0.038669 | BU3: 0.041103 | BV3: 0.028684 | BW3: 0.035217 | BX3: 0.040767 | BY3: 0.021604 | BZ3: 0.030434 | CA3: 0.037312 | CB3: 0.027612 | CC3: 0.019743 | CD3: 0.007791 | CE3: 0.022527 | CF3: 0.034778 | CG3: 0.032581 | CH3: 0.040909 | CI3: 0.03905 | CJ3: 0.024562 | CK3: 0.034134 | CL3: 0.035926 | CM3: 0.042466 | CN3: 0.036524 | CO3: 0.037659 | CP3: 0.039958 | CQ3: -0.004592 | CR3: 0.015003 | CS3: 0.022459 | CT3: 0.040972 | CU3: 0.038942 | CV3: 0.043015 | CW3: 0.039707 | CX3: 0.039171 | CY3: 0.034941 | CZ3: 0.036027 | DA3: 0.04451 | DB3: 0.039323 | DC3: 0.037933 | DD3: 0.039075 | DE3: 0.041994 | DF3: 0.041965 | DG3: 0.040382 | DH3: 0.036787 | DI3: 0.036878 | DJ3: 0.033682 | DK3: 0.036536 | DL3: 0.031531 | DM3: 0.028662 | DN3: 0.030845 | DO3: 0.033675 | DP3: 0.035102 | DQ3: 0.036708 | DR3: 0.034114 | DS3: 0.036716 | DT3: 0.034828 | DU3: 0.023366 | DV3: 0.025241 | DW3: 0.035159 | DX3: 0.032305 | DY3: 0.023258 | DZ3: 0.028309 | EA3: 0.031397 | EB3: 0.037231 | EC3: 0.033346 | ED3: 0.034187 | EE3: 0.025041 | EF3: 0.034121
B4: size | C4: -0.04966 | D4: -0.064453 | E4: -0.095805 | F4: -0.076694 | G4: -0.026515 | H4: -0.034152 | I4: -0.046191 | J4: -0.046178 | K4: -0.045932 | L4: -0.040812 | M4: -0.018734 | N4: -0.035831 | O4: -0.057023 | P4: -0.042463 | Q4: -0.037772 | R4: -0.028628 | S4: -0.030998 | T4: -0.006704 | U4: -0.037957 | V4: -0.029502 | W4: -0.041243 | X4: -0.054483 | Y4: -0.057374 | Z4: -0.050628 | AA4: -0.04232 | AB4: -0.034274 | AC4: -0.038455 | AD4: -0.032603 | AE4: -0.034795 | AF4: -0.001639 | AG4: -0.032239 | AH4: -0.025693 | AI4: -0.030089 | AJ4: -0.02972 | AK4: -0.022743 | AL4: -0.025322 | AM4: -0.024117 | AN4: -0.027272 | AO4: -0.028383 | AP4: -0.023966 | AQ4: -0.030304 | AR4: -0.017736 | AS4: -0.014939 | AT4: -0.013609 | AU4: -0.016424 | AV4: -0.02404 | AW4: -0.021379 | AX4: -0.023051 | AY4: -0.023942 | AZ4: -0.015978 | BA4: -0.029634 | BB4: -0.036923 | BC4: -0.022612 | BD4: -0.026966 | BE4: -0.030958 | BF4: -0.018182 | BG4: -0.015961 | BH4: -0.021359 | BI4: -0.018896 | BJ4: -0.021053 | BK4: -0.026612 | BL4: -0.017577 | BM4: -0.021846 | BN4: -0.013751 | BO4: -0.006503 | BP4: -0.012172 | BQ4: 0.000223 | BR4: -0.005245 | BS4: -0.012938 | BT4: -0.01635 | BU4: -0.001729 | BV4: 0.015184 | BW4: -0.003769 | BX4: -0.016045 | BY4: -0.018895 | BZ4: -0.004157 | CA4: -0.018224 | CB4: -0.022304 | CC4: -0.041112 | CD4: -0.032535 | CE4: -0.030323 | CF4: -0.061293 | CG4: -0.04417 | CH4: -0.02687 | CI4: -0.017735 | CJ4: -0.011494 | CK4: -0.015911 | CL4: -0.015536 | CM4: -0.019142 | CN4: 0.008031 | CO4: 0.004185 | CP4: -0.007483 | CQ4: -0.000671 | CR4: -0.019179 | CS4: -0.023347 | CT4: -0.021789 | CU4: -0.029507 | CV4: -0.024863 | CW4: -0.022836 | CX4: -0.022236 | CY4: -0.025587 | CZ4: -0.030231 | DA4: -0.043224 | DB4: -0.044725 | DC4: -0.07076 | DD4: -0.05761 | DE4: -0.034042 | DF4: -0.027184 | DG4: -0.035052 | DH4: -0.008428 | DI4: -0.036371 | DJ4: -0.038761 | DK4: -0.027972 | DL4: -0.016271 | DM4: -0.017816 | DN4: -0.008053 | DO4: -0.023536 | DP4: -0.029487 | DQ4: -0.037657 | DR4: -0.029648 | DS4: -0.03019 | DT4: -0.041056 | DU4: -0.037311 | DV4: -0.008939 | DW4: -0.018377 | DX4: -0.030386 | DY4: -0.033049 | DZ4: -0.030982 | EA4: -0.031659 | EB4: -0.036491 | EC4: -0.041069 | ED4: -0.031005 | EE4: -0.023076 | EF4: -0.011421
B5: mom | C5: 0.003592 | D5: 0.002886 | E5: 0.008014 | F5: 0.007439 | G5: -0.00017 | H5: 0.009136 | I5: 0.012007 | J5: 0.005946 | K5: 0.016592 | L5: 0.019202 | M5: 0.019702 | N5: 0.020162 | O5: 0.013437 | P5: 0.017638 | Q5: 0.013117 | R5: 0.013457 | S5: 0.016544 | T5: 0.015881 | U5: 0.02594 | V5: 0.019681 | W5: 0.032682 | X5: 0.028819 | Y5: -0.036097 | Z5: -0.005819 | AA5: -0.013844 | AB5: -0.049937 | AC5: -0.009208 | AD5: -0.065956 | AE5: -0.021735 | AF5: 0.008972 | AG5: -0.011833 | AH5: -0.002965 | AI5: 0.004786 | AJ5: 0.005737 | AK5: 0.007393 | AL5: -0.001874 | AM5: -0.001953 | AN5: -0.003624 | AO5: -0.00916 | AP5: 0.002542 | AQ5: 0.003848 | AR5: 0.003403 | AS5: 0.000857 | AT5: 0.008179 | AU5: 0.010058 | AV5: 0.011138 | AW5: 0.013378 | AX5: 0.011885 | AY5: -7e-06 | AZ5: 0.007824 | BA5: 0.006989 | BB5: 0.007187 | BC5: -0.002392 | BD5: 0.000726 | BE5: -0.002227 | BF5: -0.001045 | BG5: -0.020711 | BH5: -0.044325 | BI5: -0.014766 | BJ5: -0.022278 | BK5: -0.023507 | BL5: -0.016596 | BM5: -0.037766 | BN5: -0.010041 | BO5: -0.007494 | BP5: 0.003371 | BQ5: 0.006821 | BR5: 0.0056 | BS5: 0.015476 | BT5: 0.002505 | BU5: 0.006905 | BV5: 0.00676 | BW5: 0.005385 | BX5: -0.000514 | BY5: -0.004222 | BZ5: 0.001364 | CA5: 0.01234 | CB5: 0.016161 | CC5: 0.00217 | CD5: 0.008398 | CE5: 0.002992 | CF5: -0.000834 | CG5: -0.00074 | CH5: -0.011915 | CI5: -0.014455 | CJ5: -0.00726 | CK5: -0.001294 | CL5: 0.009443 | CM5: 0.005114 | CN5: 0.002873 | CO5: 0.01724 | CP5: 0.011414 | CQ5: 0.009007 | CR5: -0.002083 | CS5: -0.021706 | CT5: -0.005332 | CU5: -0.003687 | CV5: -0.037796 | CW5: -0.013894 | CX5: 0.006629 | CY5: -0.008267 | CZ5: 0.001635 | DA5: 0.00041 | DB5: 0.004416 | DC5: 0.027 | DD5: 0.009319 | DE5: -0.007797 | DF5: -0.008187 | DG5: 0.004708 | DH5: -0.013667 | DI5: -0.007051 | DJ5: -0.001759 | DK5: 0.003309 | DL5: 0.004863 | DM5: 0.003615 | DN5: 0.006288 | DO5: 0.003553 | DP5: 0.002522 | DQ5: -0.010665 | DR5: 0.010995 | DS5: -0.000645 | DT5: 0.000235 | DU5: 0.007369 | DV5: 0.006778 | DW5: -0.003771 | DX5: 0.001106 | DY5: 0.003387 | DZ5: 0.003255 | EA5: 0.006266 | EB5: -0.017113 | EC5: -0.020887 | ED5: -0.009285 | EE5: -0.011959 | EF5: -0.014123
A6: 選絕對值最大 | C6: 2 | D6: 2 | E6: 2 | F6: 2 | G6: 2 | H6: 2 | I6: 2 | J6: 2 | K6: 2 | L6: 2 | M6: 1 | N6: 2 | O6: 2 | P6: 2 | Q6: 2 | R6: 2 | S6: 2 | T6: 1 | U6: 2 | V6: 2 | W6: 1 | X6: 2 | Y6: 2 | Z6: 2 | AA6: 2 | AB6: 3 | AC6: 2 | AD6: 3 | AE6: 2 | AF6: 1 | AG6: 2 | AH6: 1 | AI6: 1 | AJ6: 1 | AK6: 1 | AL6: 1 | AM6: 1 | AN6: 1 | AO6: 1 | AP6: 1 | AQ6: 1 | AR6: 1 | AS6: 1 | AT6: 1 | AU6: 1 | AV6: 1 | AW6: 1 | AX6: 1 | AY6: 1 | AZ6: 1 | BA6: 2 | BB6: 2 | BC6: 1 | BD6: 1 | BE6: 1 | BF6: 1 | BG6: 1 | BH6: 1 | BI6: 1 | BJ6: 1 | BK6: 1 | BL6: 1 | BM6: 3 | BN6: 1 | BO6: 1 | BP6: 1 | BQ6: 1 | BR6: 1 | BS6: 1 | BT6: 1 | BU6: 1 | BV6: 1 | BW6: 1 | BX6: 1 | BY6: 1 | BZ6: 1 | CA6: 1 | CB6: 1 | CC6: 2 | CD6: 2 | CE6: 2 | CF6: 2 | CG6: 2 | CH6: 1 | CI6: 1 | CJ6: 1 | CK6: 1 | CL6: 1 | CM6: 1 | CN6: 1 | CO6: 1 | CP6: 1 | CQ6: 3 | CR6: 2 | CS6: 2 | CT6: 1 | CU6: 1 | CV6: 1 | CW6: 1 | CX6: 1 | CY6: 1 | CZ6: 1 | DA6: 1 | DB6: 2 | DC6: 2 | DD6: 2 | DE6: 1 | DF6: 1 | DG6: 1 | DH6: 1 | DI6: 1 | DJ6: 2 | DK6: 1 | DL6: 1 | DM6: 1 | DN6: 1 | DO6: 1 | DP6: 1 | DQ6: 2 | DR6: 1 | DS6: 1 | DT6: 2 | DU6: 2 | DV6: 1 | DW6: 1 | DX6: 1 | DY6: 2 | DZ6: 2 | EA6: 2 | EB6: 1 | EC6: 2 | ED6: 1 | EE6: 1 | EF6: 1
C7: size | D7: size | E7: size | F7: size | G7: size | H7: size | I7: size | J7: size | K7: size | L7: size | M7: bm | N7: size | O7: size | P7: size | Q7: size | R7: size | S7: size | T7: bm | U7: size | V7: size | W7: bm | X7: size | Y7: size | Z7: size | AA7: size | AB7: mom | AC7: size | AD7: mom | AE7: size | AF7: bm | AG7: size | AH7: bm | AI7: bm | AJ7: bm | AK7: bm | AL7: bm | AM7: bm | AN7: bm | AO7: bm | AP7: bm | AQ7: bm | AR7: bm | AS7: bm | AT7: bm | AU7: bm | AV7: bm | AW7: bm | AX7: bm | AY7: bm | AZ7: bm | BA7: size | BB7: size | BC7: bm | BD7: bm | BE7: bm | BF7: bm | BG7: bm | BH7: bm | BI7: bm | BJ7: bm | BK7: bm | BL7: bm | BM7: mom | BN7: bm | BO7: bm | BP7: bm | BQ7: bm | BR7: bm | BS7: bm | BT7: bm | BU7: bm | BV7: bm | BW7: bm | BX7: bm | BY7: bm | BZ7: bm | CA7: bm | CB7: bm | CC7: size | CD7: size | CE7: size | CF7: size | CG7: size | CH7: bm | CI7: bm | CJ7: bm | CK7: bm | CL7: bm | CM7: bm | CN7: bm | CO7: bm | CP7: bm | CQ7: mom | CR7: size | CS7: size | CT7: bm | CU7: bm | CV7: bm | CW7: bm | CX7: bm | CY7: bm | CZ7: bm | DA7: bm | DB7: size | DC7: size | DD7: size | DE7: bm | DF7: bm | DG7: bm | DH7: bm | DI7: bm | DJ7: size | DK7: bm | DL7: bm | DM7: bm | DN7: bm | DO7: bm | DP7: bm | DQ7: size | DR7: bm | DS7: bm | DT7: size | DU7: size | DV7: bm | DW7: bm | DX7: bm | DY7: size | DZ7: size | EA7: size | EB7: bm | EC7: size | ED7: bm | EE7: bm | EF7: bm
C8: -0.04966 | D8: -0.064453 | E8: -0.095805 | F8: -0.076694 | G8: -0.026515 | H8: -0.034152 | I8: -0.046191 | J8: -0.046178 | K8: -0.045932 | L8: -0.040812 | M8: 0.032729 | N8: -0.035831 | O8: -0.057023 | P8: -0.042463 | Q8: -0.037772 | R8: -0.028628 | S8: -0.030998 | T8: 0.022621 | U8: -0.037957 | V8: -0.029502 | W8: 0.045784 | X8: -0.054483 | Y8: -0.057374 | Z8: -0.050628 | AA8: -0.04232 | AB8: -0.049937 | AC8: -0.038455 | AD8: -0.065956 | AE8: -0.034795 | AF8: 0.013118 | AG8: -0.032239 | AH8: 0.031884 | AI8: 0.036386 | AJ8: 0.035949 | AK8: 0.043483 | AL8: 0.038462 | AM8: 0.03941 | AN8: 0.050744 | AO8: 0.053685 | AP8: 0.049315 | AQ8: 0.032774 | AR8: 0.028295 | AS8: 0.028378 | AT8: 0.023069 | AU8: 0.029397 | AV8: 0.031038 | AW8: 0.026298 | AX8: 0.026165 | AY8: 0.032054 | AZ8: 0.034478 | BA8: -0.029634 | BB8: -0.036923 | BC8: 0.037422 | BD8: 0.031414 | BE8: 0.032006 | BF8: 0.028282 | BG8: 0.041103 | BH8: 0.045199 | BI8: 0.041588 | BJ8: 0.040723 | BK8: 0.036328 | BL8: 0.036173 | BM8: -0.037766 | BN8: 0.030814 | BO8: 0.030656 | BP8: 0.0344 | BQ8: 0.034869 | BR8: 0.036324 | BS8: 0.036164 | BT8: 0.038669 | BU8: 0.041103 | BV8: 0.028684 | BW8: 0.035217 | BX8: 0.040767 | BY8: 0.021604 | BZ8: 0.030434 | CA8: 0.037312 | CB8: 0.027612 | CC8: -0.041112 | CD8: -0.032535 | CE8: -0.030323 | CF8: -0.061293 | CG8: -0.04417 | CH8: 0.040909 | CI8: 0.03905 | CJ8: 0.024562 | CK8: 0.034134 | CL8: 0.035926 | CM8: 0.042466 | CN8: 0.036524 | CO8: 0.037659 | CP8: 0.039958 | CQ8: 0.009007 | CR8: -0.019179 | CS8: -0.023347 | CT8: 0.040972 | CU8: 0.038942 | CV8: 0.043015 | CW8: 0.039707 | CX8: 0.039171 | CY8: 0.034941 | CZ8: 0.036027 | DA8: 0.04451 | DB8: -0.044725 | DC8: -0.07076 | DD8: -0.05761 | DE8: 0.041994 | DF8: 0.041965 | DG8: 0.040382 | DH8: 0.036787 | DI8: 0.036878 | DJ8: -0.038761 | DK8: 0.036536 | DL8: 0.031531 | DM8: 0.028662 | DN8: 0.030845 | DO8: 0.033675 | DP8: 0.035102 | DQ8: -0.037657 | DR8: 0.034114 | DS8: 0.036716 | DT8: -0.041056 | DU8: -0.037311 | DV8: 0.025241 | DW8: 0.035159 | DX8: 0.032305 | DY8: -0.033049 | DZ8: -0.030982 | EA8: -0.031659 | EB8: 0.037231 | EC8: -0.041069 | ED8: 0.034187 | EE8: 0.025041 | EF8: 0.034121
A10: 投資組合 | C10: 公司數 | D10: 964
A11: 等分 | B11: 家數 | C11: 2014/01 | D11: 2014/02 | E11: 2014/03 | F11: 2014/04 | G11: 2014/05 | H11: 2014/06 | I11: 2014/07 | J11: 2014/08 | K11: 2014/09 | L11: 2014/10 | M11: 2014/11 | N11: 2014/12 | O11: 2015/01 | P11: 2015/02 | Q11: 2015/03 | R11: 2015/04 | S11: 2015/05 | T11: 2015/06 | U11: 2015/07 | V11: 2015/08 | W11: 2015/09 | X11: 2015/10 | Y11: 2015/11 | Z11: 2015/12 | AA11: 2016/01 | AB11: 2016/02 | AC11: 2016/03 | AD11: 2016/04 | AE11: 2016/05 | AF11: 2016/06 | AG11: 2016/07 | AH11: 2016/08 | AI11: 2016/09 | AJ11: 2016/10 | AK11: 2016/11 | AL11: 2016/12 | AM11: 2017/01 | AN11: 2017/02 | AO11: 2017/03 | AP11: 2017/04 | AQ11: 2017/05 | AR11: 2017/06 | AS11: 2017/07 | AT11: 2017/08 | AU11: 2017/09 | AV11: 2017/10 | AW11: 2017/11 | AX11: 2017/12 | AY11: 2018/01 | AZ11: 2018/02 | BA11: 2018/03 | BB11: 2018/04 | BC11: 2018/05 | BD11: 2018/06 | BE11: 2018/07 | BF11: 2018/08 | BG11: 2018/09 | BH11: 2018/10 | BI11: 2018/11 | BJ11: 2018/12 | BK11: 2019/01 | BL11: 2019/02 | BM11: 2019/03 | BN11: 2019/04 | BO11: 2019/05 | BP11: 2019/06 | BQ11: 2019/07 | BR11: 2019/08 | BS11: 2019/09 | BT11: 2019/10 | BU11: 2019/11 | BV11: 2019/12 | BW11: 2020/01 | BX11: 2020/02 | BY11: 2020/03 | BZ11: 2020/04 | CA11: 2020/05 | CB11: 2020/06 | CC11: 2020/07 | CD11: 2020/08 | CE11: 2020/09 | CF11: 2020/10 | CG11: 2020/11 | CH11: 2020/12 | CI11: 2021/01 | CJ11: 2021/02 | CK11: 2021/03 | CL11: 2021/04 | CM11: 2021/05 | CN11: 2021/06 | CO11: 2021/07 | CP11: 2021/08 | CQ11: 2021/09 | CR11: 2021/10 | CS11: 2021/11 | CT11: 2021/12 | CU11: 2022/01 | CV11: 2022/02 | CW11: 2022/03 | CX11: 2022/04 | CY11: 2022/05 | CZ11: 2022/06 | DA11: 2022/07 | DB11: 2022/08 | DC11: 2022/09 | DD11: 2022/10 | DE11: 2022/11 | DF11: 2022/12 | DG11: 2023/01 | DH11: 2023/02 | DI11: 2023/03 | DJ11: 2023/04 | DK11: 2023/05 | DL11: 2023/06 | DM11: 2023/07 | DN11: 2023/08 | DO11: 2023/09 | DP11: 2023/10 | DQ11: 2023/11 | DR11: 2023/12 | DS11: 2024/01 | DT11: 2024/02 | DU11: 2024/03 | DV11: 2024/04 | DW11: 2024/05 | DX11: 2024/06 | DY11: 2024/07 | DZ11: 2024/08 | EA11: 2024/09 | EB11: 2024/10 | EC11: 2024/11 | ED11: 2024/12 | EE11: 2025/01 | EF11: 2025/02
A12: 10 | B12: 96 | C12: 0.08669241 | D12: 0.11417438 | E12: 0.05158948 | F12: 0.01427861 | G12: 0.01518301 | H12: 0.03863265 | I12: 0.01504927 | J12: -0.0299812 | K12: 0.01885334 | L12: -0.04141754 | M12: -0.0155518 | N12: 0.06514757 | O12: 0.01612873 | P12: -0.0001965 | Q12: 0.03541977 | R12: 0.00688861 | S12: -0.01710489 | T12: -0.04340357 | U12: -0.01582428 | V12: 0.00620447 | W12: 0.02188764 | X12: 0.02633929 | Y12: 0.01685156 | Z12: 0.00590929 | AA12: -0.01235006 | AB12: -0.01073333 | AC12: 0.00250561 | AD12: 0.00253043 | AE12: -0.05831696 | AF12: 0.02043215 | AG12: 0.01207913 | AH12: 0.01407318 | AI12: 0.01883733 | AJ12: 0.00667696 | AK12: 0.04817399 | AL12: 0.01650579 | AM12: 0.02621694 | AN12: 0.06928955 | AO12: 0.00222879 | AP12: -0.03139715 | AQ12: -0.0060815 | AR12: 0.01354951 | AS12: 0.01937647 | AT12: 0.01321936 | AU12: 0.02115426 | AV12: -0.04134701 | AW12: 0.00175207 | AX12: 0.04359847 | AY12: 0.02553956 | AZ12: -0.00230003 | BA12: 0.07127616 | BB12: 0.00578539 | BC12: 0.01227279 | BD12: 0.01092102 | BE12: 0.02107787 | BF12: 0.06899131 | BG12: 0.03382252 | BH12: 0.01196024 | BI12: 0.05097313 | BJ12: -0.00079599 | BK12: -0.02064277 | BL12: 0.02470925 | BM12: -0.05030568 | BN12: 0.01204513 | BO12: 0.02424631 | BP12: -0.0096477 | BQ12: 0.01533947 | BR12: -0.00150666 | BS12: 0.01862442 | BT12: 0.02136775 | BU12: 0.0102977 | BV12: 0.03034928 | BW12: -0.02977604 | BX12: 0.01146706 | BY12: -0.03326007 | BZ12: 0.04800457 | CA12: -0.03158368 | CB12: 0.00166489 | CC12: 0.06556661 | CD12: 0.04425849 | CE12: 0.15400701 | CF12: 0.00450449 | CG12: 0.00030865 | CH12: 0.06646705 | CI12: -0.03511917 | CJ12: 0.0168923 | CK12: 0.01326181 | CL12: 0.11801561 | CM12: -0.01438269 | CN12: -0.02558996 | CO12: -0.02676265 | CP12: 0.04519343 | CQ12: -0.06268435 | CR12: 0.04736843 | CS12: -0.01296163 | CT12: -0.00096165 | CU12: 0.03334614 | CV12: 0.00811263 | CW12: 0.00530275 | CX12: 0.06098988 | CY12: -0.00618222 | CZ12: 0.07930253 | DA12: 0.00500562 | DB12: 0.09016464 | DC12: 0.00891436 | DD12: -0.03901364 | DE12: 0.00068918 | DF12: -0.00735962 | DG12: -0.00089878 | DH12: -0.00382268 | DI12: -0.05444317 | DJ12: 0.01542829 | DK12: -0.0152644 | DL12: -0.00035468 | DM12: -0.0047521 | DN12: 0.03912576 | DO12: 0.02295451 | DP12: 0.03258445 | DQ12: -0.03381071 | DR12: 0.01918287 | DS12: -0.03548022 | DT12: 0.02620934 | DU12: -0.05712811 | DV12: 0.05258831 | DW12: 0.04095836 | DX12: -0.05024951 | DY12: 0.05281902 | DZ12: 0.00655929 | EA12: 0.05174842 | EB12: 0.00328839 | EC12: -0.01011424 | ED12: -0.05770915 | EE12: 0.0119171 | EF12: 0.03908572
A13: 20 | B13: 48 | C13: 0.10411275 | D13: 0.12374503 | E13: 0.06986156 | F13: -0.01145524 | G13: 0.01799323 | H13: 0.03601615 | I13: 0.03006034 | J13: -0.0458665 | K13: 0.00396501 | L13: -0.00653432 | M13: 0.00770866 | N13: 0.09342051 | O13: 0.03978929 | P13: 0.01679163 | Q13: 0.07322437 | R13: 0.01415994 | S13: -0.01224367 | T13: -0.0502519 | U13: 0.00159702 | V13: -0.02009433 | W13: 0.03110309 | X13: 0.05327689 | Y13: 0.01392099 | Z13: 0.02058376 | AA13: -0.01644062 | AB13: -0.01500157 | AC13: 0.00803144 | AD13: 0.02044023 | AE13: -0.06571938 | AF13: 0.03194046 | AG13: 0.00328231 | AH13: 0.01068719 | AI13: 0.0076427 | AJ13: -0.01850784 | AK13: 0.06598791 | AL13: 0.02331835 | AM13: 0.05300034 | AN13: 0.10524544 | AO13: 0.01287887 | AP13: -0.0583617 | AQ13: -0.00307863 | AR13: 0.01544941 | AS13: 0.04131312 | AT13: 0.04046309 | AU13: 0.0403723 | AV13: -0.00886774 | AW13: -0.00148014 | AX13: 0.06601863 | AY13: 0.01652246 | AZ13: -0.00969305 | BA13: 0.07982912 | BB13: 0.02604635 | BC13: 0.00979212 | BD13: 0.00360893 | BE13: 0.02537806 | BF13: 0.08392942 | BG13: 0.04139871 | BH13: 0.00808226 | BI13: 0.05240913 | BJ13: -0.01766269 | BK13: -0.01839102 | BL13: 0.03194786 | BM13: -0.05337177 | BN13: 0.01178204 | BO13: 0.03173531 | BP13: 0.00765195 | BQ13: 0.04270743 | BR13: -0.00707138 | BS13: 0.00756975 | BT13: 0.03859387 | BU13: 0.01652699 | BV13: 0.02934981 | BW13: 0.00176324 | BX13: 0.02281493 | BY13: -0.02058711 | BZ13: 0.07692787 | CA13: -0.03238228 | CB13: -0.00978682 | CC13: 0.12011817 | CD13: 0.05525605 | CE13: 0.18382784 | CF13: 0.01822894 | CG13: 0.00756027 | CH13: 0.05833461 | CI13: -0.05185351 | CJ13: -0.00246563 | CK13: 0.03222202 | CL13: 0.07837308 | CM13: -0.0102968 | CN13: -0.02326963 | CO13: -0.0147999 | CP13: 0.06972654 | CQ13: -0.07117886 | CR13: 0.06438065 | CS13: 0.00394765 | CT13: 0.0080708 | CU13: 0.0381492 | CV13: -0.0030568 | CW13: 0.00597703 | CX13: 0.06077974 | CY13: -0.01311874 | CZ13: 0.05722422 | DA13: -0.00662765 | DB13: 0.10623532 | DC13: 0.023541 | DD13: -0.05140665 | DE13: 0.00581319 | DF13: -0.0285188 | DG13: -0.00163066 | DH13: 0.01343348 | DI13: -0.04597703 | DJ13: 0.00598358 | DK13: 0.01107209 | DL13: -0.01606111 | DM13: -0.00665887 | DN13: 0.0148398 | DO13: 0.04689141 | DP13: 0.04723815 | DQ13: -0.03356697 | DR13: 0.01395807 | DS13: -0.03888763 | DT13: 0.0519227 | DU13: -0.03460772 | DV13: 0.07962014 | DW13: 0.04346533 | DX13: -0.06464192 | DY13: 0.05101728 | DZ13: 0.03012492 | EA13: 0.06168907 | EB13: 0.02137322 | EC13: -0.01704872 | ED13: -0.06568209 | EE13: 0.00873803 | EF13: 0.06657722
A14: 50 | B14: 19 | C14: 0.11994149 | D14: 0.22230845 | E14: 0.09876825 | F14: 0.03454246 | G14: 0.08514876 | H14: 0.05958781 | I14: 0.07711496 | J14: -0.10509439 | K14: 0.01623109 | L14: -0.00848045 | M14: 0.00569619 | N14: 0.20483258 | O14: 0.03964231 | P14: 0.04777976 | Q14: 0.05823795 | R14: -0.0141518 | S14: 0.0385341 | T14: -0.06984148 | U14: 0.03657913 | V14: -0.03837555 | W14: 0.07400816 | X14: 0.05358171 | Y14: -0.01676266 | Z14: 0.0212522 | AA14: -0.0026274 | AB14: -0.02733598 | AC14: -0.02929208 | AD14: 0.06987459 | AE14: -0.00401891 | AF14: 0.04129151 | AG14: 0.0063902 | AH14: 0.00525028 | AI14: 0.07207295 | AJ14: 0.01505904 | AK14: 0.07106183 | AL14: 0.03796919 | AM14: 0.06237433 | AN14: 0.09787823 | AO14: 0.06090571 | AP14: -0.07054608 | AQ14: -0.00018125 | AR14: 0.03764584 | AS14: 0.08296902 | AT14: 0.0144197 | AU14: 0.03999165 | AV14: -0.02268479 | AW14: -0.01542138 | AX14: 0.13695103 | AY14: 0.01506812 | AZ14: -0.05348603 | BA14: 0.09633733 | BB14: 0.10189834 | BC14: -0.01518646 | BD14: 0.04332778 | BE14: 0.04502913 | BF14: 0.04381036 | BG14: 0.04137426 | BH14: -0.01036468 | BI14: 0.05018521 | BJ14: -0.01240932 | BK14: -8.733e-05 | BL14: 0.05973777 | BM14: -0.04627833 | BN14: 0.02093654 | BO14: 0.03360905 | BP14: 0.01567373 | BQ14: 0.01584352 | BR14: -0.02228235 | BS14: -0.04097084 | BT14: 0.07313913 | BU14: 0.00509203 | BV14: 0.0238989 | BW14: 0.00894491 | BX14: 0.0562757 | BY14: -0.00366057 | BZ14: 0.10854106 | CA14: -0.02446527 | CB14: 0.02212762 | CC14: 0.12059616 | CD14: 0.04888142 | CE14: 0.1705553 | CF14: -0.02031022 | CG14: 0.13892668 | CH14: 0.06466139 | CI14: -0.10588478 | CJ14: -0.03253041 | CK14: 0.01401636 | CL14: 0.06226995 | CM14: 0.03204001 | CN14: -0.02302669 | CO14: -0.07358772 | CP14: 0.09980933 | CQ14: -0.0322279 | CR14: 0.06264066 | CS14: -0.00381611 | CT14: 0.01421921 | CU14: -0.04357201 | CV14: 0.02274572 | CW14: -0.00339838 | CX14: 0.0362719 | CY14: -0.02875912 | CZ14: 0.06406356 | DA14: -0.02235398 | DB14: 0.10460744 | DC14: 0.01475376 | DD14: -0.05389997 | DE14: 0.0053843 | DF14: -0.03585663 | DG14: 0.01144656 | DH14: 0.00477484 | DI14: -0.04822768 | DJ14: 0.01589759 | DK14: 0.02099214 | DL14: -0.01516516 | DM14: 0.00550427 | DN14: 0.03985171 | DO14: 0.04137565 | DP14: 0.04053223 | DQ14: -0.05601929 | DR14: 0.05262252 | DS14: -0.03504491 | DT14: 0.11767251 | DU14: -0.06879527 | DV14: 0.10826235 | DW14: 0.09180933 | DX14: -0.10216122 | DY14: 0.0742587 | DZ14: 0.035031 | EA14: 0.10752548 | EB14: 0.03718762 | EC14: -0.01929146 | ED14: -0.09887025 | EE14: 0.01886716 | EF14: 0.06663235
A15: 100 | B15: 10 | C15: 0.22764466 | D15: 0.37270922 | E15: 0.06603849 | F15: 0.09030371 | G15: 0.09660559 | H15: 0.1188437 | I15: 0.12672874 | J15: -0.06452469 | K15: -0.00421037 | L15: 0.01296708 | M15: 0.02549771 | N15: 0.33030934 | O15: 0.04610349 | P15: 0.05298328 | Q15: 0.10037535 | R15: 0.01675544 | S15: -0.04303393 | T15: -0.06680012 | U15: 0.04679024 | V15: -0.08568088 | W15: 0.10254359 | X15: 0.07843641 | Y15: -0.02418862 | Z15: -0.02365642 | AA15: 0.04658612 | AB15: -0.0221664 | AC15: -0.04005513 | AD15: 0.08171337 | AE15: 0.04728648 | AF15: 0.06581961 | AG15: -0.00974531 | AH15: -0.03710418 | AI15: 0.07778073 | AJ15: 0.00946486 | AK15: 0.06175962 | AL15: 0.04055565 | AM15: 0.056558 | AN15: 0.09286191 | AO15: 0.06018028 | AP15: -0.08645777 | AQ15: -0.03259754 | AR15: 0.07851726 | AS15: 0.05382118 | AT15: 0.06525499 | AU15: 0.04358808 | AV15: -0.04722682 | AW15: 0.01565994 | AX15: 0.12523398 | AY15: 0.02822972 | AZ15: -0.09132328 | BA15: 0.15768795 | BB15: 0.1087891 | BC15: 0.06215514 | BD15: 0.05199174 | BE15: 0.03914651 | BF15: 0.04766298 | BG15: 0.00282482 | BH15: 0.04015355 | BI15: 0.06858666 | BJ15: -0.0163238 | BK15: -0.00657092 | BL15: 0.06274818 | BM15: -0.048219 | BN15: 0.04014257 | BO15: 0.02153094 | BP15: 0.01418422 | BQ15: 0.01280293 | BR15: -0.05015743 | BS15: -0.01682378 | BT15: 0.08906021 | BU15: 0.01947642 | BV15: 0.05922894 | BW15: -0.03594589 | BX15: 0.0286359 | BY15: -0.06354318 | BZ15: 0.10290647 | CA15: -0.01859202 | CB15: 0.01505689 | CC15: 0.17365171 | CD15: 0.08909452 | CE15: 0.07336812 | CF15: -0.00362682 | CG15: 0.22573123 | CH15: 0.06288596 | CI15: -0.02780307 | CJ15: -0.08704436 | CK15: 0.05667265 | CL15: 0.03142197 | CM15: 0.07463112 | CN15: -0.03457067 | CO15: -0.12934647 | CP15: 0.12753584 | CQ15: 0.02496336 | CR15: 0.02437432 | CS15: 0.01691099 | CT15: 0.00739457 | CU15: -0.06317866 | CV15: -0.00614185 | CW15: -0.01539092 | CX15: 0.02403961 | CY15: -0.04247067 | CZ15: 0.07988695 | DA15: -0.02249797 | DB15: 0.09704824 | DC15: 0.07672702 | DD15: -0.06752641 | DE15: 0.02494871 | DF15: -0.03735592 | DG15: 0.01619673 | DH15: -0.01870901 | DI15: -0.01171845 | DJ15: 0.04756662 | DK15: 0.10398151 | DL15: 0.06263549 | DM15: -0.02380855 | DN15: 0.0439965 | DO15: 0.04629673 | DP15: 0.01713232 | DQ15: -0.07293808 | DR15: 0.05923354 | DS15: -0.08304492 | DT15: 0.0342964 | DU15: -0.11712765 | DV15: 0.13421062 | DW15: 0.02553863 | DX15: -0.11861625 | DY15: 0.14360957 | DZ15: 0.04045565 | EA15: 0.10917693 | EB15: 0.04851857 | EC15: -0.01778552 | ED15: -0.11335706 | EE15: -0.02487403 | EF15: 0.06220831
A16: 107 | B16: 9 | C16: 0.20787478 | D16: 0.40819498 | E16: 0.06500658 | F16: 0.10741935 | G16: 0.10901251 | H16: 0.07284806 | I16: 0.1117923 | J16: -0.06869403 | K16: 0.0179251 | L16: 0.03102715 | M16: 0.04033445 | N16: 0.36698761 | O16: 0.01562109 | P16: 0.06197974 | Q16: 0.09661817 | R16: 0.01918276 | S16: -0.04241518 | T16: -0.06721906 | U16: 0.04865152 | V16: -0.10431618 | W16: 0.10166568 | X16: 0.07367828 | Y16: -0.00428745 | Z16: -0.02007579 | AA16: 0.05022553 | AB16: -0.03229541 | AC16: -0.04104052 | AD16: 0.05313606 | AE16: 0.05153499 | AF16: 0.06089411 | AG16: -0.00830191 | AH16: -0.0317654 | AI16: 0.04907804 | AJ16: -0.00702597 | AK16: 0.0644214 | AL16: 0.04868893 | AM16: 0.06607673 | AN16: 0.1064562 | AO16: 0.05525133 | AP16: -0.07779837 | AQ16: -0.0384662 | AR16: 0.10329118 | AS16: 0.06506823 | AT16: 0.04954716 | AU16: 0.04182684 | AV16: -0.00907251 | AW16: 0.03925293 | AX16: 0.10082977 | AY16: 0.03381259 | AZ16: -0.10490964 | BA16: 0.1599907 | BB16: 0.13247474 | BC16: 0.0744871 | BD16: 0.03643194 | BE16: 0.05141099 | BF16: 0.06426805 | BG16: 0.0122014 | BH16: 0.05783534 | BI16: 0.05233576 | BJ16: -0.02050382 | BK16: -0.01033925 | BL16: 0.07062357 | BM16: -0.03949799 | BN16: 0.04790583 | BO16: 0.02189036 | BP16: 0.0117472 | BQ16: 0.01647802 | BR16: -0.02629685 | BS16: -0.01987319 | BT16: 0.08548319 | BU16: 0.02682645 | BV16: 0.0567357 | BW16: -0.06574093 | BX16: 0.03155924 | BY16: -0.05056373 | BZ16: 0.11152585 | CA16: -0.02971439 | CB16: -0.00142804 | CC16: 0.04438815 | CD16: 0.08775109 | CE16: 0.09361423 | CF16: -0.01469606 | CG16: 0.14619604 | CH16: 0.04169741 | CI16: -0.03870988 | CJ16: -0.04070698 | CK16: 0.08226012 | CL16: 0.01846278 | CM16: 0.08898863 | CN16: -0.02409813 | CO16: -0.18233801 | CP16: 0.13663169 | CQ16: 0.02033378 | CR16: 0.02522866 | CS16: 0.02180701 | CT16: 0.00506741 | CU16: -0.06343465 | CV16: 0.01337535 | CW16: -0.01242334 | CX16: 0.01224028 | CY16: -0.04911705 | CZ16: 0.10263326 | DA16: -0.02980479 | DB16: 0.09801728 | DC16: 0.06374066 | DD16: -0.07437112 | DE16: -0.03119313 | DF16: -0.02314643 | DG16: 0.01445295 | DH16: -0.01912934 | DI16: -0.01198497 | DJ16: 0.05175322 | DK16: 0.13359436 | DL16: 0.06511304 | DM16: -0.03033095 | DN16: 0.04243785 | DO16: 0.05241186 | DP16: 0.01984195 | DQ16: -0.06756052 | DR16: 0.05519125 | DS16: -0.09375206 | DT16: 0.03205949 | DU16: -0.12277205 | DV16: 0.13695373 | DW16: 0.04091773 | DX16: -0.12528471 | DY16: 0.15757213 | DZ16: 0.05881075 | EA16: 0.13979902 | EB16: 0.07861064 | EC16: -0.024938 | ED16: -0.11541675 | EE16: -0.03305827 | EF16: 0.03989391
A17: 120 | B17: 8 | C17: 0.20609219 | D17: 0.43958849 | E17: 0.07958985 | F17: 0.14677181 | G17: 0.11713148 | H17: 0.10499405 | I17: 0.06748966 | J17: -0.11529907 | K17: 0.03944499 | L17: 0.03377593 | M17: 0.06493203 | N17: 0.40510801 | O17: 0.02463206 | P17: 0.0769156 | Q17: 0.10643025 | R17: 0.00197525 | S17: -0.05513203 | T17: -0.06761646 | U17: 0.05229023 | V17: -0.1163563 | W17: 0.11960398 | X17: 0.10018597 | Y17: 0.0015005 | Z17: -0.02160849 | AA17: 0.0622542 | AB17: -0.0445383 | AC17: -0.04079901 | AD17: 0.04977738 | AE17: 0.0594435 | AF17: 0.06115582 | AG17: -0.00135167 | AH17: -0.03547262 | AI17: 0.03178212 | AJ17: -0.04260263 | AK17: 0.07371627 | AL17: 0.05072441 | AM17: 0.06025949 | AN17: 0.11328712 | AO17: 0.01263233 | AP17: -0.07887378 | AQ17: -0.06193206 | AR17: 0.11393071 | AS17: 0.06089016 | AT17: 0.05226781 | AU17: 0.05264823 | AV17: -0.02150836 | AW17: 0.01916397 | AX17: 0.09624056 | AY17: 0.0274237 | AZ17: -0.12511082 | BA17: 0.16280641 | BB17: 0.15327128 | BC17: 0.087662 | BD17: 0.02235648 | BE17: 0.07735024 | BF17: 0.0551975 | BG17: -0.03539424 | BH17: 0.00651488 | BI17: 0.09936539 | BJ17: -0.00636373 | BK17: -0.01382295 | BL17: 0.07748297 | BM17: -0.02905901 | BN17: 0.04691553 | BO17: 0.03230993 | BP17: 0.03599598 | BQ17: 0.01137651 | BR17: -0.00964638 | BS17: -0.00410347 | BT17: 0.10941638 | BU17: 0.07112782 | BV17: 0.06228267 | BW17: -0.08043171 | BX17: 0.02882296 | BY17: -0.08424547 | BZ17: 0.12096669 | CA17: -0.02793483 | CB17: -0.00133531 | CC17: 0.04176025 | CD17: 0.06410595 | CE17: 0.09570807 | CF17: -0.09512335 | CG17: 0.17703461 | CH17: 0.05863645 | CI17: -0.01453118 | CJ17: -0.05074232 | CK17: 0.09173857 | CL17: -0.01115051 | CM17: 0.13456934 | CN17: -0.02671806 | CO17: -0.20253863 | CP17: 0.14815927 | CQ17: -0.0519071 | CR17: 0.02300583 | CS17: 0.01154552 | CT17: 0.04926006 | CU17: -0.07440831 | CV17: 0.00387961 | CW17: -0.01976185 | CX17: 0.01077239 | CY17: -0.0493833 | CZ17: 0.12424884 | DA17: -0.04182179 | DB17: 0.10427163 | DC17: 0.05388832 | DD17: -0.04813059 | DE17: -0.03318093 | DF17: -0.01123137 | DG17: -0.00183928 | DH17: -0.03872665 | DI17: -0.00529324 | DJ17: 0.0571465 | DK17: 0.15603643 | DL17: 0.0735156 | DM17: -0.04433377 | DN17: 0.03548903 | DO17: 0.05345137 | DP17: -0.01687861 | DQ17: -0.06524435 | DR17: 0.05588481 | DS17: -0.12431616 | DT17: 0.01674319 | DU17: -0.12949296 | DV17: 0.11907757 | DW17: 0.05978489 | DX17: -0.12953898 | DY17: 0.1072829 | DZ17: 0.04921263 | EA17: 0.16457152 | EB17: 0.08710035 | EC17: -0.02036116 | ED17: -0.12832444 | EE17: -0.02541336 | EF17: 0.04770977
A18: 137 | B18: 7 | C18: 0.18975112 | D18: 0.40188368 | E18: 0.05343935 | F18: 0.21209065 | G18: 0.13305806 | H18: 0.12853956 | I18: 0.05495266 | J18: -0.12516179 | K18: 0.03158645 | L18: 0.04667272 | M18: 0.07934535 | N18: 0.46182002 | O18: 0.02432387 | P18: 0.05456961 | Q18: 0.12173637 | R18: 0.0193262 | S18: -0.06901334 | T18: -0.0526381 | U18: 0.02813553 | V18: -0.13125393 | W18: 0.13791724 | X18: 0.12712281 | Y18: 0.02421381 | Z18: -0.01690572 | AA18: 0.0548045 | AB18: -0.06264481 | AC18: -0.07471982 | AD18: 0.07244379 | AE18: 0.07720159 | AF18: 0.03156086 | AG18: -0.00861836 | AH18: -0.04019746 | AI18: 0.04685554 | AJ18: -0.04739376 | AK18: 0.04570256 | AL18: 0.04586013 | AM18: 0.06664341 | AN18: 0.11682605 | AO18: 0.00542753 | AP18: -0.08502876 | AQ18: -0.07623085 | AR18: 0.13270171 | AS18: 0.08582655 | AT18: 0.04332565 | AU18: 0.0623959 | AV18: -0.02876876 | AW18: 0.02453803 | AX18: 0.10325746 | AY18: 0.03478328 | AZ18: -0.14840908 | BA18: 0.18047976 | BB18: 0.16725802 | BC18: 0.0939821 | BD18: -0.01172948 | BE18: 0.06836121 | BF18: 0.04588454 | BG18: -0.01680624 | BH18: 0.03944029 | BI18: 0.10900001 | BJ18: 0.01144549 | BK18: -0.05074505 | BL18: 0.08115767 | BM18: -0.02808136 | BN18: 0.05277439 | BO18: 0.01694786 | BP18: 0.04685754 | BQ18: 0.01890528 | BR18: -0.00574819 | BS18: -0.0131139 | BT18: 0.11523675 | BU18: 0.08067744 | BV18: 0.07052164 | BW18: -0.08531109 | BX18: 0.03312394 | BY18: -0.12307498 | BZ18: 0.15331999 | CA18: -0.01607654 | CB18: -0.03115604 | CC18: 0.10466062 | CD18: 0.05044579 | CE18: 0.07726039 | CF18: -0.10185862 | CG18: 0.22664141 | CH18: 0.16265705 | CI18: -0.03886914 | CJ18: -0.06231368 | CK18: 0.09066778 | CL18: -0.03098955 | CM18: 0.14364854 | CN18: -0.03799704 | CO18: -0.23157388 | CP18: 0.16283911 | CQ18: -0.03824268 | CR18: 0.0337433 | CS18: 0.02812856 | CT18: 0.09051543 | CU18: -0.07164869 | CV18: 0.09104028 | CW18: -0.00845609 | CX18: 0.06156019 | CY18: -0.05135741 | CZ18: 0.13284286 | DA18: -0.04530745 | DB18: 0.11811472 | DC18: 0.04920887 | DD18: -0.0710713 | DE18: -0.03284814 | DF18: -0.03504278 | DG18: -0.00761947 | DH18: -0.02803801 | DI18: -0.01611463 | DJ18: 0.05065451 | DK18: 0.15851363 | DL18: 0.06525277 | DM18: -0.06650814 | DN18: -0.01672206 | DO18: 0.04210491 | DP18: -0.02060469 | DQ18: -0.06195553 | DR18: 0.07684065 | DS18: -0.147722 | DT18: -0.00740739 | DU18: -0.15871482 | DV18: 0.10564061 | DW18: 0.08190869 | DX18: -0.15360298 | DY18: 0.13683311 | DZ18: 0.05463037 | EA18: 0.19894575 | EB18: 0.09984638 | EC18: -0.01960052 | ED18: -0.11047802 | EE18: -0.01385375 | EF18: 0.04895502
A19: 160 | B19: 6 | C19: 0.19660027 | D19: 0.40752071 | E19: 0.06581421 | F19: 0.23617047 | G19: 0.15286434 | H19: 0.17761032 | I19: 0.04746341 | J19: -0.15623035 | K19: 0.05654097 | L19: 0.03036283 | M19: 0.08579357 | N19: 0.53237404 | O19: -0.01979743 | P19: 0.02278521 | Q19: 0.17046229 | R19: 0.04194263 | S19: -0.07869626 | T19: -0.02528021 | U19: 0.04418686 | V19: -0.11868446 | W19: 0.14662099 | X19: 0.12292315 | Y19: 0.02406431 | Z19: -0.02222324 | AA19: 0.04730012 | AB19: -0.05171875 | AC19: -0.08351287 | AD19: 0.02399746 | AE19: 0.11523187 | AF19: 0.03878567 | AG19: 0.01929755 | AH19: -0.05655772 | AI19: 0.08177012 | AJ19: -0.05154529 | AK19: 0.00755204 | AL19: 0.07027095 | AM19: 0.04310601 | AN19: 0.08356829 | AO19: 0.0258929 | AP19: -0.08757412 | AQ19: -0.08825276 | AR19: 0.16303313 | AS19: 0.09779696 | AT19: 0.04929498 | AU19: 0.07642872 | AV19: -0.0484631 | AW19: 0.02235617 | AX19: 0.07518577 | AY19: 0.02952897 | AZ19: -0.18687962 | BA19: 0.18699678 | BB19: 0.20180191 | BC19: 0.06405549 | BD19: -0.00323439 | BE19: 0.0538675 | BF19: 0.01357097 | BG19: -0.01634366 | BH19: 0.0020182 | BI19: 0.12779863 | BJ19: 0.0217073 | BK19: -0.05174953 | BL19: 0.09159567 | BM19: -0.03178626 | BN19: 0.06725265 | BO19: 0.02572896 | BP19: 0.03742626 | BQ19: 0.00993404 | BR19: 0.00667525 | BS19: -0.02425634 | BT19: 0.14163268 | BU19: 0.07593625 | BV19: 0.09365524 | BW19: -0.10896696 | BX19: 0.03408779 | BY19: -0.10764974 | BZ19: 0.06381539 | CA19: -0.02932876 | CB19: -0.04804117 | CC19: 0.02250623 | CD19: 0.08766495 | CE19: 0.08847486 | CF19: -0.11169849 | CG19: 0.26389313 | CH19: 0.15288987 | CI19: -0.03706695 | CJ19: -0.0619405 | CK19: 0.10396772 | CL19: -0.04324028 | CM19: 0.17534764 | CN19: -0.07693265 | CO19: -0.2724544 | CP19: 0.1590326 | CQ19: -0.03239461 | CR19: 0.0242992 | CS19: 0.04377499 | CT19: 0.12262043 | CU19: -0.0834364 | CV19: 0.10197986 | CW19: -0.02190181 | CX19: 0.05763473 | CY19: -0.07092187 | CZ19: 0.11285183 | DA19: -0.05822388 | DB19: 0.14796185 | DC19: 0.03027646 | DD19: -0.06354746 | DE19: -0.0444313 | DF19: -0.06969305 | DG19: -0.00267586 | DH19: -0.00015698 | DI19: 0.00366642 | DJ19: 0.0804996 | DK19: 0.12414459 | DL19: 0.07016741 | DM19: -0.08195226 | DN19: 0.00247512 | DO19: 0.05514805 | DP19: 0.02783801 | DQ19: -0.05062317 | DR19: 0.07596235 | DS19: -0.17799555 | DT19: -0.00307613 | DU19: -0.15058192 | DV19: 0.11953184 | DW19: 0.06060914 | DX19: -0.13836513 | DY19: 0.13924868 | DZ19: 0.07853795 | EA19: 0.23304583 | EB19: 0.02177277 | EC19: -0.03132511 | ED19: -0.15093532 | EE19: 0.01263404 | EF19: 0.01697795
A20: 192 | B20: 5 | C20: 0.20155105 | D20: 0.38202502 | E20: 0.05733635 | F20: 0.18241962 | G20: 0.15802736 | H20: 0.14393228 | I20: 0.02793554 | J20: -0.13320729 | K20: 0.03740468 | L20: 0.03069548 | M20: 0.10013341 | N20: 0.50001148 | O20: -0.11011453 | P20: 0.04002849 | Q20: 0.22482481 | R20: 0.06646963 | S20: -0.05734108 | T20: 0.01566291 | U20: 0.03223766 | V20: -0.13628806 | W20: 0.17308538 | X20: 0.15004231 | Y20: -0.00485576 | Z20: 0.02915735 | AA20: 0.06696198 | AB20: -0.03289855 | AC20: -0.09630904 | AD20: 0.0269873 | AE20: 0.01731115 | AF20: 0.03904468 | AG20: -0.00624174 | AH20: -0.0901782 | AI20: 0.07815454 | AJ20: -0.06199003 | AK20: -0.01359512 | AL20: 0.07289345 | AM20: 0.03309598 | AN20: 0.0645854 | AO20: 0.04528508 | AP20: -0.11055597 | AQ20: 0.02745249 | AR20: 0.17752094 | AS20: 0.11209581 | AT20: 0.00585877 | AU20: 0.07289982 | AV20: -0.05462571 | AW20: 0.00686527 | AX20: 0.11073255 | AY20: 0.0386747 | AZ20: -0.21380243 | BA20: 0.15133773 | BB20: 0.23121363 | BC20: 0.07060557 | BD20: -0.05342981 | BE20: -0.0059468 | BF20: 0.00568858 | BG20: 0.00378214 | BH20: -0.07160645 | BI20: 0.16438674 | BJ20: 0.02162951 | BK20: -0.05923317 | BL20: 0.08629223 | BM20: -0.04746855 | BN20: 0.11855724 | BO20: -0.03846172 | BP20: 0.06040752 | BQ20: 0.01545171 | BR20: 0.01338515 | BS20: 0.00540751 | BT20: 0.14411566 | BU20: 0.09875495 | BV20: 0.11591833 | BW20: -0.13550325 | BX20: 0.03069364 | BY20: -0.10523397 | BZ20: 0.0902714 | CA20: -0.0113335 | CB20: -0.01127996 | CC20: 0.01291515 | CD20: 0.09606465 | CE20: 0.08577817 | CF20: -0.13120856 | CG20: 0.32193852 | CH20: 0.07186403 | CI20: -0.03039467 | CJ20: -0.12344032 | CK20: 0.0909784 | CL20: -0.09218493 | CM20: 0.18905117 | CN20: 0.02215941 | CO20: -0.41597134 | CP20: 0.19203121 | CQ20: -0.02311805 | CR20: 0.02536255 | CS20: 0.02229304 | CT20: 0.09047404 | CU20: -0.09486766 | CV20: 0.09251108 | CW20: 0.00995306 | CX20: 0.09029855 | CY20: -0.01247973 | CZ20: 0.15516165 | DA20: -0.04747189 | DB20: 0.07696807 | DC20: 0.02890116 | DD20: -0.06816301 | DE20: -0.02674986 | DF20: 0.00085912 | DG20: -0.00420221 | DH20: -0.01097541 | DI20: -0.00775757 | DJ20: 0.08127702 | DK20: 0.08495398 | DL20: 0.07582664 | DM20: 0.00928365 | DN20: 0.05801921 | DO20: 0.0658158 | DP20: 0.00983053 | DQ20: -0.03854031 | DR20: 0.07851266 | DS20: -0.20740434 | DT20: 0.00482934 | DU20: -0.17637517 | DV20: 0.12934547 | DW20: 0.0690602 | DX20: -0.15386633 | DY20: 0.12159146 | DZ20: 0.09019965 | EA20: 0.29368998 | EB20: 0.03906763 | EC20: 0.02297641 | ED20: -0.17691886 | EE20: 0.00236723 | EF20: 0.02028142
A21: 241 | B21: 4 | C21: 0.21462958 | D21: 0.12638792 | E21: -0.01369017 | F21: 0.2034135 | G21: 0.14533186 | H21: 0.16216409 | I21: 0.01411128 | J21: -0.13674292 | K21: 0.0014703 | L21: -0.00502915 | M21: -0.1958705 | N21: 0.58489126 | O21: -0.13927749 | P21: 0.04542719 | Q21: 0.27408345 | R21: 0.08490523 | S21: -0.03656329 | T21: -0.01404036 | U21: -0.00982464 | V21: -0.13175049 | W21: 0.16036516 | X21: 0.20780127 | Y21: -0.01014366 | Z21: 0.03945772 | AA21: 0.02803346 | AB21: -0.02195594 | AC21: -0.15954227 | AD21: -0.02593328 | AE21: 0.01031161 | AF21: 0.05312561 | AG21: -0.01057075 | AH21: -0.11420601 | AI21: 0.07959421 | AJ21: -0.07040534 | AK21: -0.03580317 | AL21: 0.06537982 | AM21: 0.06485698 | AN21: 0.11195606 | AO21: 0.0477264 | AP21: -0.04606702 | AQ21: 0.02459114 | AR21: 0.20518228 | AS21: 0.06445587 | AT21: -0.00249291 | AU21: 0.04780963 | AV21: -0.05552078 | AW21: 0.00979103 | AX21: 0.14314769 | AY21: 0.04702129 | AZ21: -0.25491127 | BA21: 0.13959268 | BB21: 0.29451264 | BC21: 0.03832115 | BD21: -0.02175086 | BE21: 0.00635053 | BF21: 0.00255924 | BG21: 0.01324431 | BH21: -0.0480537 | BI21: 0.1659696 | BJ21: 0.02357903 | BK21: -0.06844988 | BL21: 0.14272109 | BM21: -0.04079529 | BN21: 0.06364795 | BO21: -0.06385724 | BP21: 0.10450913 | BQ21: 0.05454223 | BR21: 0.01880519 | BS21: 0.01376079 | BT21: 0.16797312 | BU21: 0.13549646 | BV21: 0.142143 | BW21: -0.1466792 | BX21: -0.00299082 | BY21: -0.05037985 | BZ21: 0.04766293 | CA21: -0.06303215 | CB21: -0.07852862 | CC21: -0.00801895 | CD21: 0.08442355 | CE21: 0.06151488 | CF21: -0.12717048 | CG21: 0.32016678 | CH21: 0.07413708 | CI21: -0.08049962 | CJ21: -0.08562776 | CK21: 0.12705055 | CL21: -0.21045238 | CM21: 0.22550299 | CN21: 0.03053889 | CO21: -0.51486525 | CP21: 0.22270006 | CQ21: -0.02291219 | CR21: 0.01161579 | CS21: 0.03090775 | CT21: 0.08229287 | CU21: -0.06267356 | CV21: 0.09822563 | CW21: 0.06500542 | CX21: 0.10212218 | CY21: -0.00848192 | CZ21: 0.23745137 | DA21: 0.00119226 | DB21: 0.07146121 | DC21: 0.04830915 | DD21: -0.0670275 | DE21: 0.01223811 | DF21: 0.02156088 | DG21: 0.00784638 | DH21: 0.01407682 | DI21: 0.03440748 | DJ21: 0.07330279 | DK21: 0.13950271 | DL21: 0.10695985 | DM21: -0.02983412 | DN21: 0.07119761 | DO21: 0.08244579 | DP21: 0.02426616 | DQ21: -0.02821605 | DR21: 0.05017086 | DS21: -0.20249353 | DT21: -0.00970864 | DU21: -0.14861472 | DV21: 0.14027598 | DW21: 0.15158288 | DX21: -0.18596621 | DY21: 0.16673097 | DZ21: 0.09893057 | EA21: 0.26605683 | EB21: 0.00840815 | EC21: 0.02718893 | ED21: -0.05449886 | EE21: 0.01442885 | EF21: -0.0079916
A22: 321 | B22: 3 | C22: 0.2052803 | D22: 0.14242785 | E22: -0.0173551 | F22: -0.13986745 | G22: 0.23294542 | H22: 0.12417806 | I22: 0.01743734 | J22: -0.1042535 | K22: 0.02865678 | L22: 0.01427321 | M22: -0.22515861 | N22: 0.75614344 | O22: -0.06644233 | P22: 0.09063087 | Q22: 0.12727089 | R22: 0.06669829 | S22: -0.03923414 | T22: -0.0716519 | U22: 0.05248891 | V22: -0.1756249 | W22: 0.20748027 | X22: 0.25720235 | Y22: -0.06985333 | Z22: 0.02386612 | AA22: 0.11812061 | AB22: 0.00386523 | AC22: -0.17721308 | AD22: -0.01859375 | AE22: -0.08514769 | AF22: 0.04718232 | AG22: -0.04597381 | AH22: -0.10586596 | AI22: 0.09414126 | AJ22: -0.03169985 | AK22: 0.10128856 | AL22: 0.04034097 | AM22: 0.0840889 | AN22: 0.11113281 | AO22: 0.07471737 | AP22: -0.06253635 | AQ22: 0.01449598 | AR22: 0.25053268 | AS22: 0.08281044 | AT22: 0.00658039 | AU22: 0.03350045 | AV22: -0.05981318 | AW22: -0.03014939 | AX22: 0.18668161 | AY22: 0.07173339 | AZ22: -0.15490378 | BA22: 0.04977496 | BB22: 0.36955058 | BC22: -0.13083694 | BD22: 0.01294739 | BE22: 0.02221618 | BF22: 0.01363882 | BG22: 0.04627951 | BH22: -0.12796054 | BI22: 0.11108872 | BJ22: 0.05499642 | BK22: -0.04183964 | BL22: 0.16178034 | BM22: -0.00243048 | BN22: -0.01532755 | BO22: -0.05048443 | BP22: 0.07483555 | BQ22: 0.0278301 | BR22: 0.02081361 | BS22: -0.00583862 | BT22: 0.1305307 | BU22: 0.21294877 | BV22: 0.15854397 | BW22: -0.17226666 | BX22: 0.03663745 | BY22: -0.00474679 | BZ22: 0.04725774 | CA22: -0.02749008 | CB22: -0.14899328 | CC22: -0.125104 | CD22: 0.09551854 | CE22: 0.06684015 | CF22: -0.15557257 | CG22: 0.44380082 | CH22: 0.11591877 | CI22: -0.11777975 | CJ22: -0.10337951 | CK22: 0.03616334 | CL22: -0.2406518 | CM22: 0.320432 | CN22: -0.00854677 | CO22: -0.64995647 | CP22: 0.25940856 | CQ22: -0.01715962 | CR22: -0.02842221 | CS22: 0.02443959 | CT22: 0.05823252 | CU22: -0.11084142 | CV22: 0.1122337 | CW22: 0.03645125 | CX22: 0.00374959 | CY22: -0.00798883 | CZ22: 0.26292048 | DA22: -0.00399175 | DB22: 0.05404162 | DC22: 0.07234203 | DD22: -0.01596258 | DE22: -0.00549176 | DF22: 0.01703178 | DG22: 0.03198504 | DH22: 0.01394535 | DI22: 0.063561 | DJ22: 0.04277692 | DK22: 0.17913471 | DL22: 0.12494165 | DM22: -0.06534676 | DN22: 0.04676333 | DO22: 0.1234375 | DP22: 0.00217232 | DQ22: -0.0518502 | DR22: -0.00609255 | DS22: -0.19705092 | DT22: -0.04368145 | DU22: -0.16154691 | DV22: 0.12570512 | DW22: 0.10950307 | DX22: -0.22244261 | DY22: 0.11995602 | DZ22: 0.1108345 | EA22: 0.14035616 | EB22: -0.08059673 | EC22: 0.08808545 | ED22: -0.07741357 | EE22: 0.0334463 | EF22: -0.03479025
A23: 482 | B23: 2 | C23: 0.28298927 | D23: 0.25409263 | E23: 0.13300519 | F23: -0.00374023 | G23: 0.36163212 | H23: -0.01818847 | I23: -0.03638649 | J23: -0.11487751 | K23: -0.05991788 | L23: 0.05077083 | M23: -0.26256935 | N23: 0.97590144 | O23: -0.12289971 | P23: 0.05468153 | Q23: 0.29117349 | R23: 0.06282198 | S23: -0.07257266 | T23: -0.00037337 | U23: 0.05924179 | V23: -0.2324772 | W23: 0.33161915 | X23: 0.19455646 | Y23: -0.06794992 | Z23: 0.04105197 | AA23: 0.15164933 | AB23: 0.03099139 | AC23: -0.23400862 | AD23: -0.00299529 | AE23: -0.22171324 | AF23: 0.06690626 | AG23: -0.00205768 | AH23: -0.08417158 | AI23: 0.01720592 | AJ23: 0.00564314 | AK23: 0.1141111 | AL23: 0.13143171 | AM23: 0.00776949 | AN23: 0.2423147 | AO23: -0.00533695 | AP23: 0.0031211 | AQ23: 0.08942499 | AR23: 0.33674404 | AS23: -0.01470689 | AT23: -0.04142772 | AU23: 0.03314553 | AV23: -0.02763899 | AW23: -0.05202691 | AX23: 0.06983815 | AY23: 0.17023398 | AZ23: -0.06375362 | BA23: 0.05399834 | BB23: 0.56682653 | BC23: -0.30082825 | BD23: 0.09483088 | BE23: -0.07143076 | BF23: -0.02284699 | BG23: 0.07476147 | BH23: -0.20348398 | BI23: 0.19111208 | BJ23: 0.10400332 | BK23: 0.00203411 | BL23: 0.1495343 | BM23: 0.06949546 | BN23: -0.00694717 | BO23: -0.16631017 | BP23: 0.0982664 | BQ23: 0.04961184 | BR23: 0.01784432 | BS23: -0.07327539 | BT23: 0.14364981 | BU23: 0.20568774 | BV23: 0.11346757 | BW23: -0.20215233 | BX23: -0.00821312 | BY23: -0.01020569 | BZ23: 0.00766976 | CA23: -0.0756532 | CB23: -0.2176142 | CC23: -0.08454461 | CD23: 0.14124194 | CE23: 0.0596023 | CF23: -0.18343324 | CG23: 0.29290394 | CH23: 0.18019645 | CI23: -0.30989942 | CJ23: -0.01987537 | CK23: 0.09611699 | CL23: -0.40866101 | CM23: 0.38673295 | CN23: -0.05300518 | CO23: -0.90892329 | CP23: 0.31136074 | CQ23: 0.02470227 | CR23: -0.03823284 | CS23: 0.06901537 | CT23: 0.04566254 | CU23: -0.0210566 | CV23: -0.02224514 | CW23: 0.10090133 | CX23: -0.08871699 | CY23: 0.02204653 | CZ23: 0.18199879 | DA23: -0.03098214 | DB23: 0.01874707 | DC23: 0.07241603 | DD23: -0.01840783 | DE23: -0.00939523 | DF23: 0.06194213 | DG23: 0.03827001 | DH23: 0.05541345 | DI23: 0.0534796 | DJ23: -0.03382458 | DK23: 0.27783322 | DL23: 0.21610106 | DM23: -0.0194973 | DN23: 0.0064972 | DO23: 0.1640913 | DP23: 0.04708823 | DQ23: -0.12113204 | DR23: -0.089886 | DS23: -0.27831507 | DT23: -0.05425046 | DU23: -0.05563948 | DV23: 0.27627161 | DW23: 0.14122823 | DX23: -0.31349321 | DY23: -0.05392622 | DZ23: -0.21717399 | EA23: -0.02875878 | EB23: -0.06275344 | EC23: 0.09364453 | ED23: -0.0914259 | EE23: 0.05905068 | EF23: -0.04778228
A24: 964 | B24: 1 | C24: 0.09911336 | D24: 0.10060991 | E24: 0.2845125 | F24: 0.07532649 | G24: 0.22960705 | H24: 0.0358558 | I24: 0.01692709 | J24: -0.1154628 | K24: 0.053733 | L24: 0.09379969 | M24: -0.46302754 | N24: 1.7690314 | O24: -0.24427786 | P24: 0.00173629 | Q24: -0.00284714 | R24: -0.02782282 | S24: -0.01105446 | T24: 0.12369104 | U24: 0.28585629 | V24: -0.09867851 | W24: 0.49571199 | X24: -0.00089888 | Y24: -0.12031749 | Z24: -0.02439455 | AA24: 0.09435958 | AB24: 0.30039379 | AC24: -0.24616896 | AD24: -0.05992215 | AE24: -0.17526882 | AF24: 0.02252201 | AG24: 0.10590047 | AH24: -0.05669736 | AI24: -0.00880833 | AJ24: -0.08089124 | AK24: 0.08488395 | AL24: -0.05467694 | AM24: -0.01891928 | AN24: 0.22118947 | AO24: 0.06609011 | AP24: -0.02285172 | AQ24: 0.04707697 | AR24: 0.00963926 | AS24: -0.02795608 | AT24: 0.03045921 | AU24: 0.04409532 | AV24: -0.08715195 | AW24: 0.00498754 | AX24: 0.02830619 | AY24: 0.16812729 | AZ24: 0.03786707 | BA24: 0.05049131 | BB24: 0.69077653 | BC24: -0.59942164 | BD24: 0.18559522 | BE24: -0.04606435 | BF24: 0.08765134 | BG24: 0.02683597 | BH24: -0.38625534 | BI24: 0.22362911 | BJ24: 0.00334832 | BK24: 0.00402355 | BL24: 0.31716429 | BM24: -0.08478294 | BN24: 0.00684934 | BO24: -0.16110969 | BP24: 0.12335118 | BQ24: -0.06416963 | BR24: 0.04235622 | BS24: -0.00128472 | BT24: 0.1162707 | BU24: 0.22832663 | BV24: 0.10772845 | BW24: -0.06183588 | BX24: -0.13296006 | BY24: 0.10974567 | BZ24: 0.2588929 | CA24: -0.11522168 | CB24: 0.20876197 | CC24: -0.18246988 | CD24: 0.02995353 | CE24: 0.16556487 | CF24: -0.16513135 | CG24: 0.23727783 | CH24: 0.3542773 | CI24: 0.32845182 | CJ24: 0.01310949 | CK24: 0.09353008 | CL24: 0.14175533 | CM24: 0.54958711 | CN24: -0.10773877 | CO24: -0.77665322 | CP24: 0.1603442 | CQ24: 0.16018965 | CR24: -0.09681791 | CS24: -0.02685492 | CT24: 0.09641901 | CU24: -0.07275135 | CV24: 0.01506405 | CW24: 0.17511717 | CX24: 0.05520719 | CY24: -0.0800669 | CZ24: 0.11220663 | DA24: 0.0245112 | DB24: -0.01650187 | DC24: 0.17955312 | DD24: -0.00236687 | DE24: -0.17606276 | DF24: -0.10466498 | DG24: 0.05910583 | DH24: 0.09936698 | DI24: 0.14187546 | DJ24: 0.02108147 | DK24: 0.33950921 | DL24: 0.21310443 | DM24: -0.14143953 | DN24: 0.23333457 | DO24: 0.1854408 | DP24: 0.11437343 | DQ24: -0.05048619 | DR24: -0.02051563 | DS24: -0.21626154 | DT24: -0.07473335 | DU24: 0.0217814 | DV24: 0.1582247 | DW24: 0.10885709 | DX24: -0.31159313 | DY24: -0.00323988 | DZ24: -0.43350658 | EA24: -0.05492018 | EB24: -0.02958218 | EC24: 0.14364347 | ED24: -0.05617285 | EE24: 0.11342944 | EF24: 0.06727668
A26: 大盤 | B26: TWII | C26: -0.017446771 | D26: 0.020701061 | E26: 0.023982129 | F26: -0.006557579 | G26: 0.03184513 | H26: 0.034348533 | I26: -0.0082549328 | J26: 0.012843524 | K26: -0.051018525 | L26: 0.00087394274 | M26: 0.023389576 | N26: 0.012988972 | O26: 0.0058545887 | P26: 0.027413207 | Q26: -0.0037129361 | R26: 0.024076614 | S26: -0.012190025 | T26: -0.039749578 | U26: -0.07315545 | V26: -0.05826023 | W26: 0.00077279757 | X26: 0.044591521 | Y26: -0.02769968 | Z26: 0.0020950059 | AA26: -0.023400551 | AB26: 0.032129371 | AC26: 0.038903273 | AD26: -0.042865382 | AE26: 0.018647195 | AF26: 0.015229768 | AG26: 0.036016604 | AH26: 0.0093546114 | AI26: 0.010748251 | AJ26: 0.013357754 | AK26: -0.0053327473 | AL26: 0.0013831358 | AM26: 0.020795928 | AN26: 0.031517702 | AO26: 0.0062417165 | AP26: 0.0061452617 | AQ26: 0.016946358 | AR26: 0.03468283 | AS26: 0.0030985886 | AT26: 0.015081347 | AU26: -0.019251209 | AV26: 0.038711513 | AW26: -0.021856951 | AX26: 0.0077743007 | AY26: 0.042397247 | AZ26: -0.026308975 | BA26: 0.0095717493 | BB26: -0.024249741 | BC26: 0.020163374 | BD26: -0.0035049988 | BE26: 0.020151935 | BF26: 0.00058133623 | BG26: -0.005219701 | BH26: -0.11587176 | BI26: 0.0087252257 | BJ26: -0.016377261 | BK26: 0.020840372 | BL26: 0.044975872 | BM26: 0.023954306 | BN26: 0.030239101 | BO26: -0.043725888 | BP26: 0.02188947 | BQ26: 0.0086274303 | BR26: -0.019192954 | BS26: 0.01973513 | BT26: 0.047694337 | BU26: 0.011454817 | BV26: 0.043228621 | BW26: -0.04274743 | BX26: -0.017811292 | BY26: -0.1511531 | BZ26: 0.124224 | CA26: -0.0045572538 | CB26: 0.06021124 | CC26: 0.085992033 | CD26: -0.0058084796 | CE26: -0.006041347 | CF26: 0.0024523244 | CG26: 0.089636252 | CH26: 0.070992733 | CI26: 0.027170643 | CJ26: 0.052468428 | CK26: 0.029480661 | CL26: 0.066825081 | CM26: -0.028772229 | CN26: 0.039462516 | CO26: -0.029031087 | CP26: 0.013983883 | CQ26: -0.032276965 | CR26: 0.0031035766 | CS26: 0.025591856 | CT26: 0.044391886 | CU26: -0.030338959 | CV26: -0.0012579765 | CW26: 0.0023363565 | CX26: -0.064264145 | CY26: 0.012909779 | CZ26: -0.12547709 | DA26: 0.011690683 | DB26: 0.0063378437 | DC26: -0.11730536 | DD26: -0.036010872 | DE26: 0.1389113 | DF26: -0.051143506 | DG26: 0.076731447 | DH26: 0.015508782 | DI26: 0.023223774 | DJ26: -0.018372876 | DK26: 0.062199014 | DL26: 0.020098304 | DM26: 0.01349894 | DN26: -0.030252213 | DO26: -0.017022836 | DP26: -0.021788523 | DQ26: 0.085745625 | DR26: 0.028106744 | DS26: -0.0023031598 | DT26: 0.058471198 | DU26: 0.067658949 | DV26: 0.0050207706 | DW26: 0.037416184 | DX26: 0.084111004 | DY26: -0.036832399 | DZ26: 0.0030917028 | EA26: -0.0019576282 | EB26: 0.026459104 | EC26: -0.024752539 | ED26: 0.034115491 | EE26: 0.021061974 | EF26: -0.020277392

Sheet OLS勝率
A1: OLS
B2: Time | C2: 2013/12 | D2: 2014/01 | E2: 2014/02 | F2: 2014/03 | G2: 2014/04 | H2: 2014/05 | I2: 2014/06 | J2: 2014/07 | K2: 2014/08 | L2: 2014/09 | M2: 2014/10 | N2: 2014/11 | O2: 2014/12 | P2: 2015/01 | Q2: 2015/02 | R2: 2015/03 | S2: 2015/04 | T2: 2015/05 | U2: 2015/06 | V2: 2015/07 | W2: 2015/08 | X2: 2015/09 | Y2: 2015/10 | Z2: 2015/11 | AA2: 2015/12 | AB2: 2016/01 | AC2: 2016/02 | AD2: 2016/03 | AE2: 2016/04 | AF2: 2016/05 | AG2: 2016/06 | AH2: 2016/07 | AI2: 2016/08 | AJ2: 2016/09 | AK2: 2016/10 | AL2: 2016/11 | AM2: 2016/12 | AN2: 2017/01 | AO2: 2017/02 | AP2: 2017/03 | AQ2: 2017/04 | AR2: 2017/05 | AS2: 2017/06 | AT2: 2017/07 | AU2: 2017/08 | AV2: 2017/09 | AW2: 2017/10 | AX2: 2017/11 | AY2: 2017/12 | AZ2: 2018/01 | BA2: 2018/02 | BB2: 2018/03 | BC2: 2018/04 | BD2: 2018/05 | BE2: 2018/06 | BF2: 2018/07 | BG2: 2018/08 | BH2: 2018/09 | BI2: 2018/10 | BJ2: 2018/11 | BK2: 2018/12 | BL2: 2019/01 | BM2: 2019/02 | BN2: 2019/03 | BO2: 2019/04 | BP2: 2019/05 | BQ2: 2019/06 | BR2: 2019/07 | BS2: 2019/08 | BT2: 2019/09 | BU2: 2019/10 | BV2: 2019/11 | BW2: 2019/12 | BX2: 2020/01 | BY2: 2020/02 | BZ2: 2020/03 | CA2: 2020/04 | CB2: 2020/05 | CC2: 2020/06 | CD2: 2020/07 | CE2: 2020/08 | CF2: 2020/09 | CG2: 2020/10 | CH2: 2020/11 | CI2: 2020/12 | CJ2: 2021/01 | CK2: 2021/02 | CL2: 2021/03 | CM2: 2021/04 | CN2: 2021/05 | CO2: 2021/06 | CP2: 2021/07 | CQ2: 2021/08 | CR2: 2021/09 | CS2: 2021/10 | CT2: 2021/11 | CU2: 2021/12 | CV2: 2022/01 | CW2: 2022/02 | CX2: 2022/03 | CY2: 2022/04 | CZ2: 2022/05 | DA2: 2022/06 | DB2: 2022/07 | DC2: 2022/08 | DD2: 2022/09 | DE2: 2022/10 | DF2: 2022/11 | DG2: 2022/12 | DH2: 2023/01 | DI2: 2023/02 | DJ2: 2023/03 | DK2: 2023/04 | DL2: 2023/05 | DM2: 2023/06 | DN2: 2023/07 | DO2: 2023/08 | DP2: 2023/09 | DQ2: 2023/10 | DR2: 2023/11 | DS2: 2023/12 | DT2: 2024/01 | DU2: 2024/02 | DV2: 2024/03 | DW2: 2024/04 | DX2: 2024/05 | DY2: 2024/06 | DZ2: 2024/07 | EA2: 2024/08 | EB2: 2024/09 | EC2: 2024/10 | ED2: 2024/11 | EE2: 2024/12 | EF2: 2025/01
B3: bm | C3: 0.036997 | D3: 0.033298 | E3: 0.015422 | F3: 0.016457 | G3: 0.017226 | H3: 0.028764 | I3: 0.024279 | J3: 0.027316 | K3: 0.030174 | L3: 0.025236 | M3: 0.032729 | N3: 0.031555 | O3: 0.034033 | P3: 0.033213 | Q3: 0.029103 | R3: 0.026474 | S3: 0.028295 | T3: 0.022621 | U3: 0.016144 | V3: 0.025033 | W3: 0.045784 | X3: 0.043058 | Y3: 0.037786 | Z3: 0.024097 | AA3: 0.030094 | AB3: 0.028087 | AC3: 0.033771 | AD3: 0.034132 | AE3: 0.034141 | AF3: 0.013118 | AG3: 0.024857 | AH3: 0.031884 | AI3: 0.036386 | AJ3: 0.035949 | AK3: 0.043483 | AL3: 0.038462 | AM3: 0.03941 | AN3: 0.050744 | AO3: 0.053685 | AP3: 0.049315 | AQ3: 0.032774 | AR3: 0.028295 | AS3: 0.028378 | AT3: 0.023069 | AU3: 0.029397 | AV3: 0.031038 | AW3: 0.026298 | AX3: 0.026165 | AY3: 0.032054 | AZ3: 0.034478 | BA3: 0.029332 | BB3: 0.034325 | BC3: 0.037422 | BD3: 0.031414 | BE3: 0.032006 | BF3: 0.028282 | BG3: 0.041103 | BH3: 0.045199 | BI3: 0.041588 | BJ3: 0.040723 | BK3: 0.036328 | BL3: 0.036173 | BM3: 0.037709 | BN3: 0.030814 | BO3: 0.030656 | BP3: 0.0344 | BQ3: 0.034869 | BR3: 0.036324 | BS3: 0.036164 | BT3: 0.038669 | BU3: 0.041103 | BV3: 0.028684 | BW3: 0.035217 | BX3: 0.040767 | BY3: 0.021604 | BZ3: 0.030434 | CA3: 0.037312 | CB3: 0.027612 | CC3: 0.019743 | CD3: 0.007791 | CE3: 0.022527 | CF3: 0.034778 | CG3: 0.032581 | CH3: 0.040909 | CI3: 0.03905 | CJ3: 0.024562 | CK3: 0.034134 | CL3: 0.035926 | CM3: 0.042466 | CN3: 0.036524 | CO3: 0.037659 | CP3: 0.039958 | CQ3: -0.004592 | CR3: 0.015003 | CS3: 0.022459 | CT3: 0.040972 | CU3: 0.038942 | CV3: 0.043015 | CW3: 0.039707 | CX3: 0.039171 | CY3: 0.034941 | CZ3: 0.036027 | DA3: 0.04451 | DB3: 0.039323 | DC3: 0.037933 | DD3: 0.039075 | DE3: 0.041994 | DF3: 0.041965 | DG3: 0.040382 | DH3: 0.036787 | DI3: 0.036878 | DJ3: 0.033682 | DK3: 0.036536 | DL3: 0.031531 | DM3: 0.028662 | DN3: 0.030845 | DO3: 0.033675 | DP3: 0.035102 | DQ3: 0.036708 | DR3: 0.034114 | DS3: 0.036716 | DT3: 0.034828 | DU3: 0.023366 | DV3: 0.025241 | DW3: 0.035159 | DX3: 0.032305 | DY3: 0.023258 | DZ3: 0.028309 | EA3: 0.031397 | EB3: 0.037231 | EC3: 0.033346 | ED3: 0.034187 | EE3: 0.025041 | EF3: 0.034121
B4: size | C4: -0.04966 | D4: -0.064453 | E4: -0.095805 | F4: -0.076694 | G4: -0.026515 | H4: -0.034152 | I4: -0.046191 | J4: -0.046178 | K4: -0.045932 | L4: -0.040812 | M4: -0.018734 | N4: -0.035831 | O4: -0.057023 | P4: -0.042463 | Q4: -0.037772 | R4: -0.028628 | S4: -0.030998 | T4: -0.006704 | U4: -0.037957 | V4: -0.029502 | W4: -0.041243 | X4: -0.054483 | Y4: -0.057374 | Z4: -0.050628 | AA4: -0.04232 | AB4: -0.034274 | AC4: -0.038455 | AD4: -0.032603 | AE4: -0.034795 | AF4: -0.001639 | AG4: -0.032239 | AH4: -0.025693 | AI4: -0.030089 | AJ4: -0.02972 | AK4: -0.022743 | AL4: -0.025322 | AM4: -0.024117 | AN4: -0.027272 | AO4: -0.028383 | AP4: -0.023966 | AQ4: -0.030304 | AR4: -0.017736 | AS4: -0.014939 | AT4: -0.013609 | AU4: -0.016424 | AV4: -0.02404 | AW4: -0.021379 | AX4: -0.023051 | AY4: -0.023942 | AZ4: -0.015978 | BA4: -0.029634 | BB4: -0.036923 | BC4: -0.022612 | BD4: -0.026966 | BE4: -0.030958 | BF4: -0.018182 | BG4: -0.015961 | BH4: -0.021359 | BI4: -0.018896 | BJ4: -0.021053 | BK4: -0.026612 | BL4: -0.017577 | BM4: -0.021846 | BN4: -0.013751 | BO4: -0.006503 | BP4: -0.012172 | BQ4: 0.000223 | BR4: -0.005245 | BS4: -0.012938 | BT4: -0.01635 | BU4: -0.001729 | BV4: 0.015184 | BW4: -0.003769 | BX4: -0.016045 | BY4: -0.018895 | BZ4: -0.004157 | CA4: -0.018224 | CB4: -0.022304 | CC4: -0.041112 | CD4: -0.032535 | CE4: -0.030323 | CF4: -0.061293 | CG4: -0.04417 | CH4: -0.02687 | CI4: -0.017735 | CJ4: -0.011494 | CK4: -0.015911 | CL4: -0.015536 | CM4: -0.019142 | CN4: 0.008031 | CO4: 0.004185 | CP4: -0.007483 | CQ4: -0.000671 | CR4: -0.019179 | CS4: -0.023347 | CT4: -0.021789 | CU4: -0.029507 | CV4: -0.024863 | CW4: -0.022836 | CX4: -0.022236 | CY4: -0.025587 | CZ4: -0.030231 | DA4: -0.043224 | DB4: -0.044725 | DC4: -0.07076 | DD4: -0.05761 | DE4: -0.034042 | DF4: -0.027184 | DG4: -0.035052 | DH4: -0.008428 | DI4: -0.036371 | DJ4: -0.038761 | DK4: -0.027972 | DL4: -0.016271 | DM4: -0.017816 | DN4: -0.008053 | DO4: -0.023536 | DP4: -0.029487 | DQ4: -0.037657 | DR4: -0.029648 | DS4: -0.03019 | DT4: -0.041056 | DU4: -0.037311 | DV4: -0.008939 | DW4: -0.018377 | DX4: -0.030386 | DY4: -0.033049 | DZ4: -0.030982 | EA4: -0.031659 | EB4: -0.036491 | EC4: -0.041069 | ED4: -0.031005 | EE4: -0.023076 | EF4: -0.011421
B5: mom | C5: 0.003592 | D5: 0.002886 | E5: 0.008014 | F5: 0.007439 | G5: -0.00017 | H5: 0.009136 | I5: 0.012007 | J5: 0.005946 | K5: 0.016592 | L5: 0.019202 | M5: 0.019702 | N5: 0.020162 | O5: 0.013437 | P5: 0.017638 | Q5: 0.013117 | R5: 0.013457 | S5: 0.016544 | T5: 0.015881 | U5: 0.02594 | V5: 0.019681 | W5: 0.032682 | X5: 0.028819 | Y5: -0.036097 | Z5: -0.005819 | AA5: -0.013844 | AB5: -0.049937 | AC5: -0.009208 | AD5: -0.065956 | AE5: -0.021735 | AF5: 0.008972 | AG5: -0.011833 | AH5: -0.002965 | AI5: 0.004786 | AJ5: 0.005737 | AK5: 0.007393 | AL5: -0.001874 | AM5: -0.001953 | AN5: -0.003624 | AO5: -0.00916 | AP5: 0.002542 | AQ5: 0.003848 | AR5: 0.003403 | AS5: 0.000857 | AT5: 0.008179 | AU5: 0.010058 | AV5: 0.011138 | AW5: 0.013378 | AX5: 0.011885 | AY5: -7e-06 | AZ5: 0.007824 | BA5: 0.006989 | BB5: 0.007187 | BC5: -0.002392 | BD5: 0.000726 | BE5: -0.002227 | BF5: -0.001045 | BG5: -0.020711 | BH5: -0.044325 | BI5: -0.014766 | BJ5: -0.022278 | BK5: -0.023507 | BL5: -0.016596 | BM5: -0.037766 | BN5: -0.010041 | BO5: -0.007494 | BP5: 0.003371 | BQ5: 0.006821 | BR5: 0.0056 | BS5: 0.015476 | BT5: 0.002505 | BU5: 0.006905 | BV5: 0.00676 | BW5: 0.005385 | BX5: -0.000514 | BY5: -0.004222 | BZ5: 0.001364 | CA5: 0.01234 | CB5: 0.016161 | CC5: 0.00217 | CD5: 0.008398 | CE5: 0.002992 | CF5: -0.000834 | CG5: -0.00074 | CH5: -0.011915 | CI5: -0.014455 | CJ5: -0.00726 | CK5: -0.001294 | CL5: 0.009443 | CM5: 0.005114 | CN5: 0.002873 | CO5: 0.01724 | CP5: 0.011414 | CQ5: 0.009007 | CR5: -0.002083 | CS5: -0.021706 | CT5: -0.005332 | CU5: -0.003687 | CV5: -0.037796 | CW5: -0.013894 | CX5: 0.006629 | CY5: -0.008267 | CZ5: 0.001635 | DA5: 0.00041 | DB5: 0.004416 | DC5: 0.027 | DD5: 0.009319 | DE5: -0.007797 | DF5: -0.008187 | DG5: 0.004708 | DH5: -0.013667 | DI5: -0.007051 | DJ5: -0.001759 | DK5: 0.003309 | DL5: 0.004863 | DM5: 0.003615 | DN5: 0.006288 | DO5: 0.003553 | DP5: 0.002522 | DQ5: -0.010665 | DR5: 0.010995 | DS5: -0.000645 | DT5: 0.000235 | DU5: 0.007369 | DV5: 0.006778 | DW5: -0.003771 | DX5: 0.001106 | DY5: 0.003387 | DZ5: 0.003255 | EA5: 0.006266 | EB5: -0.017113 | EC5: -0.020887 | ED5: -0.009285 | EE5: -0.011959 | EF5: -0.014123
A6: 選絕對值最大 | C6: 2 | D6: 2 | E6: 2 | F6: 2 | G6: 2 | H6: 2 | I6: 2 | J6: 2 | K6: 2 | L6: 2 | M6: 1 | N6: 2 | O6: 2 | P6: 2 | Q6: 2 | R6: 2 | S6: 2 | T6: 1 | U6: 2 | V6: 2 | W6: 1 | X6: 2 | Y6: 2 | Z6: 2 | AA6: 2 | AB6: 3 | AC6: 2 | AD6: 3 | AE6: 2 | AF6: 1 | AG6: 2 | AH6: 1 | AI6: 1 | AJ6: 1 | AK6: 1 | AL6: 1 | AM6: 1 | AN6: 1 | AO6: 1 | AP6: 1 | AQ6: 1 | AR6: 1 | AS6: 1 | AT6: 1 | AU6: 1 | AV6: 1 | AW6: 1 | AX6: 1 | AY6: 1 | AZ6: 1 | BA6: 2 | BB6: 2 | BC6: 1 | BD6: 1 | BE6: 1 | BF6: 1 | BG6: 1 | BH6: 1 | BI6: 1 | BJ6: 1 | BK6: 1 | BL6: 1 | BM6: 3 | BN6: 1 | BO6: 1 | BP6: 1 | BQ6: 1 | BR6: 1 | BS6: 1 | BT6: 1 | BU6: 1 | BV6: 1 | BW6: 1 | BX6: 1 | BY6: 1 | BZ6: 1 | CA6: 1 | CB6: 1 | CC6: 2 | CD6: 2 | CE6: 2 | CF6: 2 | CG6: 2 | CH6: 1 | CI6: 1 | CJ6: 1 | CK6: 1 | CL6: 1 | CM6: 1 | CN6: 1 | CO6: 1 | CP6: 1 | CQ6: 3 | CR6: 2 | CS6: 2 | CT6: 1 | CU6: 1 | CV6: 1 | CW6: 1 | CX6: 1 | CY6: 1 | CZ6: 1 | DA6: 1 | DB6: 2 | DC6: 2 | DD6: 2 | DE6: 1 | DF6: 1 | DG6: 1 | DH6: 1 | DI6: 1 | DJ6: 2 | DK6: 1 | DL6: 1 | DM6: 1 | DN6: 1 | DO6: 1 | DP6: 1 | DQ6: 2 | DR6: 1 | DS6: 1 | DT6: 2 | DU6: 2 | DV6: 1 | DW6: 1 | DX6: 1 | DY6: 2 | DZ6: 2 | EA6: 2 | EB6: 1 | EC6: 2 | ED6: 1 | EE6: 1 | EF6: 1
C7: size | D7: size | E7: size | F7: size | G7: size | H7: size | I7: size | J7: size | K7: size | L7: size | M7: bm | N7: size | O7: size | P7: size | Q7: size | R7: size | S7: size | T7: bm | U7: size | V7: size | W7: bm | X7: size | Y7: size | Z7: size | AA7: size | AB7: mom | AC7: size | AD7: mom | AE7: size | AF7: bm | AG7: size | AH7: bm | AI7: bm | AJ7: bm | AK7: bm | AL7: bm | AM7: bm | AN7: bm | AO7: bm | AP7: bm | AQ7: bm | AR7: bm | AS7: bm | AT7: bm | AU7: bm | AV7: bm | AW7: bm | AX7: bm | AY7: bm | AZ7: bm | BA7: size | BB7: size | BC7: bm | BD7: bm | BE7: bm | BF7: bm | BG7: bm | BH7: bm | BI7: bm | BJ7: bm | BK7: bm | BL7: bm | BM7: mom | BN7: bm | BO7: bm | BP7: bm | BQ7: bm | BR7: bm | BS7: bm | BT7: bm | BU7: bm | BV7: bm | BW7: bm | BX7: bm | BY7: bm | BZ7: bm | CA7: bm | CB7: bm | CC7: size | CD7: size | CE7: size | CF7: size | CG7: size | CH7: bm | CI7: bm | CJ7: bm | CK7: bm | CL7: bm | CM7: bm | CN7: bm | CO7: bm | CP7: bm | CQ7: mom | CR7: size | CS7: size | CT7: bm | CU7: bm | CV7: bm | CW7: bm | CX7: bm | CY7: bm | CZ7: bm | DA7: bm | DB7: size | DC7: size | DD7: size | DE7: bm | DF7: bm | DG7: bm | DH7: bm | DI7: bm | DJ7: size | DK7: bm | DL7: bm | DM7: bm | DN7: bm | DO7: bm | DP7: bm | DQ7: size | DR7: bm | DS7: bm | DT7: size | DU7: size | DV7: bm | DW7: bm | DX7: bm | DY7: size | DZ7: size | EA7: size | EB7: bm | EC7: size | ED7: bm | EE7: bm | EF7: bm
C8: -0.04966 | D8: -0.064453 | E8: -0.095805 | F8: -0.076694 | G8: -0.026515 | H8: -0.034152 | I8: -0.046191 | J8: -0.046178 | K8: -0.045932 | L8: -0.040812 | M8: 0.032729 | N8: -0.035831 | O8: -0.057023 | P8: -0.042463 | Q8: -0.037772 | R8: -0.028628 | S8: -0.030998 | T8: 0.022621 | U8: -0.037957 | V8: -0.029502 | W8: 0.045784 | X8: -0.054483 | Y8: -0.057374 | Z8: -0.050628 | AA8: -0.04232 | AB8: -0.049937 | AC8: -0.038455 | AD8: -0.065956 | AE8: -0.034795 | AF8: 0.013118 | AG8: -0.032239 | AH8: 0.031884 | AI8: 0.036386 | AJ8: 0.035949 | AK8: 0.043483 | AL8: 0.038462 | AM8: 0.03941 | AN8: 0.050744 | AO8: 0.053685 | AP8: 0.049315 | AQ8: 0.032774 | AR8: 0.028295 | AS8: 0.028378 | AT8: 0.023069 | AU8: 0.029397 | AV8: 0.031038 | AW8: 0.026298 | AX8: 0.026165 | AY8: 0.032054 | AZ8: 0.034478 | BA8: -0.029634 | BB8: -0.036923 | BC8: 0.037422 | BD8: 0.031414 | BE8: 0.032006 | BF8: 0.028282 | BG8: 0.041103 | BH8: 0.045199 | BI8: 0.041588 | BJ8: 0.040723 | BK8: 0.036328 | BL8: 0.036173 | BM8: -0.037766 | BN8: 0.030814 | BO8: 0.030656 | BP8: 0.0344 | BQ8: 0.034869 | BR8: 0.036324 | BS8: 0.036164 | BT8: 0.038669 | BU8: 0.041103 | BV8: 0.028684 | BW8: 0.035217 | BX8: 0.040767 | BY8: 0.021604 | BZ8: 0.030434 | CA8: 0.037312 | CB8: 0.027612 | CC8: -0.041112 | CD8: -0.032535 | CE8: -0.030323 | CF8: -0.061293 | CG8: -0.04417 | CH8: 0.040909 | CI8: 0.03905 | CJ8: 0.024562 | CK8: 0.034134 | CL8: 0.035926 | CM8: 0.042466 | CN8: 0.036524 | CO8: 0.037659 | CP8: 0.039958 | CQ8: 0.009007 | CR8: -0.019179 | CS8: -0.023347 | CT8: 0.040972 | CU8: 0.038942 | CV8: 0.043015 | CW8: 0.039707 | CX8: 0.039171 | CY8: 0.034941 | CZ8: 0.036027 | DA8: 0.04451 | DB8: -0.044725 | DC8: -0.07076 | DD8: -0.05761 | DE8: 0.041994 | DF8: 0.041965 | DG8: 0.040382 | DH8: 0.036787 | DI8: 0.036878 | DJ8: -0.038761 | DK8: 0.036536 | DL8: 0.031531 | DM8: 0.028662 | DN8: 0.030845 | DO8: 0.033675 | DP8: 0.035102 | DQ8: -0.037657 | DR8: 0.034114 | DS8: 0.036716 | DT8: -0.041056 | DU8: -0.037311 | DV8: 0.025241 | DW8: 0.035159 | DX8: 0.032305 | DY8: -0.033049 | DZ8: -0.030982 | EA8: -0.031659 | EB8: 0.037231 | EC8: -0.041069 | ED8: 0.034187 | EE8: 0.025041 | EF8: 0.034121
A10: 投資組合 | C10: 公司數 | D10: 964
A11: 等分 | B11: 家數 | C11: 2014/01 | D11: 2014/02 | E11: 2014/03 | F11: 2014/04 | G11: 2014/05 | H11: 2014/06 | I11: 2014/07 | J11: 2014/08 | K11: 2014/09 | L11: 2014/10 | M11: 2014/11 | N11: 2014/12 | O11: 2015/01 | P11: 2015/02 | Q11: 2015/03 | R11: 2015/04 | S11: 2015/05 | T11: 2015/06 | U11: 2015/07 | V11: 2015/08 | W11: 2015/09 | X11: 2015/10 | Y11: 2015/11 | Z11: 2015/12 | AA11: 2016/01 | AB11: 2016/02 | AC11: 2016/03 | AD11: 2016/04 | AE11: 2016/05 | AF11: 2016/06 | AG11: 2016/07 | AH11: 2016/08 | AI11: 2016/09 | AJ11: 2016/10 | AK11: 2016/11 | AL11: 2016/12 | AM11: 2017/01 | AN11: 2017/02 | AO11: 2017/03 | AP11: 2017/04 | AQ11: 2017/05 | AR11: 2017/06 | AS11: 2017/07 | AT11: 2017/08 | AU11: 2017/09 | AV11: 2017/10 | AW11: 2017/11 | AX11: 2017/12 | AY11: 2018/01 | AZ11: 2018/02 | BA11: 2018/03 | BB11: 2018/04 | BC11: 2018/05 | BD11: 2018/06 | BE11: 2018/07 | BF11: 2018/08 | BG11: 2018/09 | BH11: 2018/10 | BI11: 2018/11 | BJ11: 2018/12 | BK11: 2019/01 | BL11: 2019/02 | BM11: 2019/03 | BN11: 2019/04 | BO11: 2019/05 | BP11: 2019/06 | BQ11: 2019/07 | BR11: 2019/08 | BS11: 2019/09 | BT11: 2019/10 | BU11: 2019/11 | BV11: 2019/12 | BW11: 2020/01 | BX11: 2020/02 | BY11: 2020/03 | BZ11: 2020/04 | CA11: 2020/05 | CB11: 2020/06 | CC11: 2020/07 | CD11: 2020/08 | CE11: 2020/09 | CF11: 2020/10 | CG11: 2020/11 | CH11: 2020/12 | CI11: 2021/01 | CJ11: 2021/02 | CK11: 2021/03 | CL11: 2021/04 | CM11: 2021/05 | CN11: 2021/06 | CO11: 2021/07 | CP11: 2021/08 | CQ11: 2021/09 | CR11: 2021/10 | CS11: 2021/11 | CT11: 2021/12 | CU11: 2022/01 | CV11: 2022/02 | CW11: 2022/03 | CX11: 2022/04 | CY11: 2022/05 | CZ11: 2022/06 | DA11: 2022/07 | DB11: 2022/08 | DC11: 2022/09 | DD11: 2022/10 | DE11: 2022/11 | DF11: 2022/12 | DG11: 2023/01 | DH11: 2023/02 | DI11: 2023/03 | DJ11: 2023/04 | DK11: 2023/05 | DL11: 2023/06 | DM11: 2023/07 | DN11: 2023/08 | DO11: 2023/09 | DP11: 2023/10 | DQ11: 2023/11 | DR11: 2023/12 | DS11: 2024/01 | DT11: 2024/02 | DU11: 2024/03 | DV11: 2024/04 | DW11: 2024/05 | DX11: 2024/06 | DY11: 2024/07 | DZ11: 2024/08 | EA11: 2024/09 | EB11: 2024/10 | EC11: 2024/11 | ED11: 2024/12 | EE11: 2025/01 | EF11: 2025/02 | EG11: sum | EH11: 勝率
A12: 10 | B12: 96 | C12: =IF(預測IC!C12>預測IC!C$26,1,0) | D12: =IF(預測IC!D12>預測IC!D$26,1,0) | E12: =IF(預測IC!E12>預測IC!E$26,1,0) | F12: =IF(預測IC!F12>預測IC!F$26,1,0) | G12: =IF(預測IC!G12>預測IC!G$26,1,0) | H12: =IF(預測IC!H12>預測IC!H$26,1,0) | I12: =IF(預測IC!I12>預測IC!I$26,1,0) | J12: =IF(預測IC!J12>預測IC!J$26,1,0) | ... EF12: =IF(預測IC!EF12>預測IC!EF$26,1,0) | EG12: =SUM(C12:EF12) | EH12: =SUM(C12:EF12)/134
A13: 20 | B13: 48 | C13: =IF(預測IC!C13>預測IC!C$26,1,0) | D13: =IF(預測IC!D13>預測IC!D$26,1,0) | E13: =IF(預測IC!E13>預測IC!E$26,1,0) | F13: =IF(預測IC!F13>預測IC!F$26,1,0) | G13: =IF(預測IC!G13>預測IC!G$26,1,0) | H13: =IF(預測IC!H13>預測IC!H$26,1,0) | I13: =IF(預測IC!I13>預測IC!I$26,1,0) | J13: =IF(預測IC!J13>預測IC!J$26,1,0) | ... EF13: =IF(預測IC!EF13>預測IC!EF$26,1,0) | EG13: =SUM(C13:EF13) | EH13: =SUM(C13:EF13)/134
A14: 50 | B14: 19 | C14: =IF(預測IC!C14>預測IC!C$26,1,0) | D14: =IF(預測IC!D14>預測IC!D$26,1,0) | E14: =IF(預測IC!E14>預測IC!E$26,1,0) | F14: =IF(預測IC!F14>預測IC!F$26,1,0) | G14: =IF(預測IC!G14>預測IC!G$26,1,0) | H14: =IF(預測IC!H14>預測IC!H$26,1,0) | I14: =IF(預測IC!I14>預測IC!I$26,1,0) | J14: =IF(預測IC!J14>預測IC!J$26,1,0) | ... EF14: =IF(預測IC!EF14>預測IC!EF$26,1,0) | EG14: =SUM(C14:EF14) | EH14: =SUM(C14:EF14)/134
A15: 100 | B15: 10 | C15: =IF(預測IC!C15>預測IC!C$26,1,0) | D15: =IF(預測IC!D15>預測IC!D$26,1,0) | E15: =IF(預測IC!E15>預測IC!E$26,1,0) | F15: =IF(預測IC!F15>預測IC!F$26,1,0) | G15: =IF(預測IC!G15>預測IC!G$26,1,0) | H15: =IF(預測IC!H15>預測IC!H$26,1,0) | I15: =IF(預測IC!I15>預測IC!I$26,1,0) | J15: =IF(預測IC!J15>預測IC!J$26,1,0) | ... EF15: =IF(預測IC!EF15>預測IC!EF$26,1,0) | EG15: =SUM(C15:EF15) | EH15: =SUM(C15:EF15)/134
A16: 107 | B16: 9 | C16: =IF(預測IC!C16>預測IC!C$26,1,0) | D16: =IF(預測IC!D16>預測IC!D$26,1,0) | E16: =IF(預測IC!E16>預測IC!E$26,1,0) | F16: =IF(預測IC!F16>預測IC!F$26,1,0) | G16: =IF(預測IC!G16>預測IC!G$26,1,0) | H16: =IF(預測IC!H16>預測IC!H$26,1,0) | I16: =IF(預測IC!I16>預測IC!I$26,1,0) | J16: =IF(預測IC!J16>預測IC!J$26,1,0) | ... EF16: =IF(預測IC!EF16>預測IC!EF$26,1,0) | EG16: =SUM(C16:EF16) | EH16: =SUM(C16:EF16)/134
A17: 120 | B17: 8 | C17: =IF(預測IC!C17>預測IC!C$26,1,0) | D17: =IF(預測IC!D17>預測IC!D$26,1,0) | E17: =IF(預測IC!E17>預測IC!E$26,1,0) | F17: =IF(預測IC!F17>預測IC!F$26,1,0) | G17: =IF(預測IC!G17>預測IC!G$26,1,0) | H17: =IF(預測IC!H17>預測IC!H$26,1,0) | I17: =IF(預測IC!I17>預測IC!I$26,1,0) | J17: =IF(預測IC!J17>預測IC!J$26,1,0) | ... EF17: =IF(預測IC!EF17>預測IC!EF$26,1,0) | EG17: =SUM(C17:EF17) | EH17: =SUM(C17:EF17)/134
A18: 137 | B18: 7 | C18: =IF(預測IC!C18>預測IC!C$26,1,0) | D18: =IF(預測IC!D18>預測IC!D$26,1,0) | E18: =IF(預測IC!E18>預測IC!E$26,1,0) | F18: =IF(預測IC!F18>預測IC!F$26,1,0) | G18: =IF(預測IC!G18>預測IC!G$26,1,0) | H18: =IF(預測IC!H18>預測IC!H$26,1,0) | I18: =IF(預測IC!I18>預測IC!I$26,1,0) | J18: =IF(預測IC!J18>預測IC!J$26,1,0) | ... EF18: =IF(預測IC!EF18>預測IC!EF$26,1,0) | EG18: =SUM(C18:EF18) | EH18: =SUM(C18:EF18)/134
A19: 160 | B19: 6 | C19: =IF(預測IC!C19>預測IC!C$26,1,0) | D19: =IF(預測IC!D19>預測IC!D$26,1,0) | E19: =IF(預測IC!E19>預測IC!E$26,1,0) | F19: =IF(預測IC!F19>預測IC!F$26,1,0) | G19: =IF(預測IC!G19>預測IC!G$26,1,0) | H19: =IF(預測IC!H19>預測IC!H$26,1,0) | I19: =IF(預測IC!I19>預測IC!I$26,1,0) | J19: =IF(預測IC!J19>預測IC!J$26,1,0) | ... EF19: =IF(預測IC!EF19>預測IC!EF$26,1,0) | EG19: =SUM(C19:EF19) | EH19: =SUM(C19:EF19)/134
A20: 192 | B20: 5 | C20: =IF(預測IC!C20>預測IC!C$26,1,0) | D20: =IF(預測IC!D20>預測IC!D$26,1,0) | E20: =IF(預測IC!E20>預測IC!E$26,1,0) | F20: =IF(預測IC!F20>預測IC!F$26,1,0) | G20: =IF(預測IC!G20>預測IC!G$26,1,0) | H20: =IF(預測IC!H20>預測IC!H$26,1,0) | I20: =IF(預測IC!I20>預測IC!I$26,1,0) | J20: =IF(預測IC!J20>預測IC!J$26,1,0) | ... EF20: =IF(預測IC!EF20>預測IC!EF$26,1,0) | EG20: =SUM(C20:EF20) | EH20: =SUM(C20:EF20)/134
A21: 241 | B21: 4 | C21: =IF(預測IC!C21>預測IC!C$26,1,0) | D21: =IF(預測IC!D21>預測IC!D$26,1,0) | E21: =IF(預測IC!E21>預測IC!E$26,1,0) | F21: =IF(預測IC!F21>預測IC!F$26,1,0) | G21: =IF(預測IC!G21>預測IC!G$26,1,0) | H21: =IF(預測IC!H21>預測IC!H$26,1,0) | I21: =IF(預測IC!I21>預測IC!I$26,1,0) | J21: =IF(預測IC!J21>預測IC!J$26,1,0) | ... EF21: =IF(預測IC!EF21>預測IC!EF$26,1,0) | EG21: =SUM(C21:EF21) | EH21: =SUM(C21:EF21)/134
A22: 321 | B22: 3 | C22: =IF(預測IC!C22>預測IC!C$26,1,0) | D22: =IF(預測IC!D22>預測IC!D$26,1,0) | E22: =IF(預測IC!E22>預測IC!E$26,1,0) | F22: =IF(預測IC!F22>預測IC!F$26,1,0) | G22: =IF(預測IC!G22>預測IC!G$26,1,0) | H22: =IF(預測IC!H22>預測IC!H$26,1,0) | I22: =IF(預測IC!I22>預測IC!I$26,1,0) | J22: =IF(預測IC!J22>預測IC!J$26,1,0) | ... EF22: =IF(預測IC!EF22>預測IC!EF$26,1,0) | EG22: =SUM(C22:EF22) | EH22: =SUM(C22:EF22)/134
A23: 482 | B23: 2 | C23: =IF(預測IC!C23>預測IC!C$26,1,0) | D23: =IF(預測IC!D23>預測IC!D$26,1,0) | E23: =IF(預測IC!E23>預測IC!E$26,1,0) | F23: =IF(預測IC!F23>預測IC!F$26,1,0) | G23: =IF(預測IC!G23>預測IC!G$26,1,0) | H23: =IF(預測IC!H23>預測IC!H$26,1,0) | I23: =IF(預測IC!I23>預測IC!I$26,1,0) | J23: =IF(預測IC!J23>預測IC!J$26,1,0) | ... EF23: =IF(預測IC!EF23>預測IC!EF$26,1,0) | EG23: =SUM(C23:EF23) | EH23: =SUM(C23:EF23)/134
A24: 964 | B24: 1 | C24: =IF(預測IC!C24>預測IC!C$26,1,0) | D24: =IF(預測IC!D24>預測IC!D$26,1,0) | E24: =IF(預測IC!E24>預測IC!E$26,1,0) | F24: =IF(預測IC!F24>預測IC!F$26,1,0) | G24: =IF(預測IC!G24>預測IC!G$26,1,0) | H24: =IF(預測IC!H24>預測IC!H$26,1,0) | I24: =IF(預測IC!I24>預測IC!I$26,1,0) | J24: =IF(預測IC!J24>預測IC!J$26,1,0) | ... EF24: =IF(預測IC!EF24>預測IC!EF$26,1,0) | EG24: =SUM(C24:EF24) | EH24: =SUM(C24:EF24)/134
A26: 大盤 | B26: TWII | C26: -0.017446771 | D26: 0.020701061 | E26: 0.023982129 | F26: -0.006557579 | G26: 0.03184513 | H26: 0.034348533 | I26: -0.0082549328 | J26: 0.012843524 | K26: -0.051018525 | L26: 0.00087394274 | M26: 0.023389576 | N26: 0.012988972 | O26: 0.0058545887 | P26: 0.027413207 | Q26: -0.0037129361 | R26: 0.024076614 | S26: -0.012190025 | T26: -0.039749578 | U26: -0.07315545 | V26: -0.05826023 | W26: 0.00077279757 | X26: 0.044591521 | Y26: -0.02769968 | Z26: 0.0020950059 | AA26: -0.023400551 | AB26: 0.032129371 | AC26: 0.038903273 | AD26: -0.042865382 | AE26: 0.018647195 | AF26: 0.015229768 | AG26: 0.036016604 | AH26: 0.0093546114 | AI26: 0.010748251 | AJ26: 0.013357754 | AK26: -0.0053327473 | AL26: 0.0013831358 | AM26: 0.020795928 | AN26: 0.031517702 | AO26: 0.0062417165 | AP26: 0.0061452617 | AQ26: 0.016946358 | AR26: 0.03468283 | AS26: 0.0030985886 | AT26: 0.015081347 | AU26: -0.019251209 | AV26: 0.038711513 | AW26: -0.021856951 | AX26: 0.0077743007 | AY26: 0.042397247 | AZ26: -0.026308975 | BA26: 0.0095717493 | BB26: -0.024249741 | BC26: 0.020163374 | BD26: -0.0035049988 | BE26: 0.020151935 | BF26: 0.00058133623 | BG26: -0.005219701 | BH26: -0.11587176 | BI26: 0.0087252257 | BJ26: -0.016377261 | BK26: 0.020840372 | BL26: 0.044975872 | BM26: 0.023954306 | BN26: 0.030239101 | BO26: -0.043725888 | BP26: 0.02188947 | BQ26: 0.0086274303 | BR26: -0.019192954 | BS26: 0.01973513 | BT26: 0.047694337 | BU26: 0.011454817 | BV26: 0.043228621 | BW26: -0.04274743 | BX26: -0.017811292 | BY26: -0.1511531 | BZ26: 0.124224 | CA26: -0.0045572538 | CB26: 0.06021124 | CC26: 0.085992033 | CD26: -0.0058084796 | CE26: -0.006041347 | CF26: 0.0024523244 | CG26: 0.089636252 | CH26: 0.070992733 | CI26: 0.027170643 | CJ26: 0.052468428 | CK26: 0.029480661 | CL26: 0.066825081 | CM26: -0.028772229 | CN26: 0.039462516 | CO26: -0.029031087 | CP26: 0.013983883 | CQ26: -0.032276965 | CR26: 0.0031035766 | CS26: 0.025591856 | CT26: 0.044391886 | CU26: -0.030338959 | CV26: -0.0012579765 | CW26: 0.0023363565 | CX26: -0.064264145 | CY26: 0.012909779 | CZ26: -0.12547709 | DA26: 0.011690683 | DB26: 0.0063378437 | DC26: -0.11730536 | DD26: -0.036010872 | DE26: 0.1389113 | DF26: -0.051143506 | DG26: 0.076731447 | DH26: 0.015508782 | DI26: 0.023223774 | DJ26: -0.018372876 | DK26: 0.062199014 | DL26: 0.020098304 | DM26: 0.01349894 | DN26: -0.030252213 | DO26: -0.017022836 | DP26: -0.021788523 | DQ26: 0.085745625 | DR26: 0.028106744 | DS26: -0.0023031598 | DT26: 0.058471198 | DU26: 0.067658949 | DV26: 0.0050207706 | DW26: 0.037416184 | DX26: 0.084111004 | DY26: -0.036832399 | DZ26: 0.0030917028 | EA26: -0.0019576282 | EB26: 0.026459104 | EC26: -0.024752539 | ED26: 0.034115491 | EE26: 0.021061974 | EF26: -0.020277392

Sheet OLS累積報酬
A1: OLS
B2: Time | C2: 2013/12 | D2: 2014/01 | E2: 2014/02 | F2: 2014/03 | G2: 2014/04 | H2: 2014/05 | I2: 2014/06 | J2: 2014/07 | K2: 2014/08 | L2: 2014/09 | M2: 2014/10 | N2: 2014/11 | O2: 2014/12 | P2: 2015/01 | Q2: 2015/02 | R2: 2015/03 | S2: 2015/04 | T2: 2015/05 | U2: 2015/06 | V2: 2015/07 | W2: 2015/08 | X2: 2015/09 | Y2: 2015/10 | Z2: 2015/11 | AA2: 2015/12 | AB2: 2016/01 | AC2: 2016/02 | AD2: 2016/03 | AE2: 2016/04 | AF2: 2016/05 | AG2: 2016/06 | AH2: 2016/07 | AI2: 2016/08 | AJ2: 2016/09 | AK2: 2016/10 | AL2: 2016/11 | AM2: 2016/12 | AN2: 2017/01 | AO2: 2017/02 | AP2: 2017/03 | AQ2: 2017/04 | AR2: 2017/05 | AS2: 2017/06 | AT2: 2017/07 | AU2: 2017/08 | AV2: 2017/09 | AW2: 2017/10 | AX2: 2017/11 | AY2: 2017/12 | AZ2: 2018/01 | BA2: 2018/02 | BB2: 2018/03 | BC2: 2018/04 | BD2: 2018/05 | BE2: 2018/06 | BF2: 2018/07 | BG2: 2018/08 | BH2: 2018/09 | BI2: 2018/10 | BJ2: 2018/11 | BK2: 2018/12 | BL2: 2019/01 | BM2: 2019/02 | BN2: 2019/03 | BO2: 2019/04 | BP2: 2019/05 | BQ2: 2019/06 | BR2: 2019/07 | BS2: 2019/08 | BT2: 2019/09 | BU2: 2019/10 | BV2: 2019/11 | BW2: 2019/12 | BX2: 2020/01 | BY2: 2020/02 | BZ2: 2020/03 | CA2: 2020/04 | CB2: 2020/05 | CC2: 2020/06 | CD2: 2020/07 | CE2: 2020/08 | CF2: 2020/09 | CG2: 2020/10 | CH2: 2020/11 | CI2: 2020/12 | CJ2: 2021/01 | CK2: 2021/02 | CL2: 2021/03 | CM2: 2021/04 | CN2: 2021/05 | CO2: 2021/06 | CP2: 2021/07 | CQ2: 2021/08 | CR2: 2021/09 | CS2: 2021/10 | CT2: 2021/11 | CU2: 2021/12 | CV2: 2022/01 | CW2: 2022/02 | CX2: 2022/03 | CY2: 2022/04 | CZ2: 2022/05 | DA2: 2022/06 | DB2: 2022/07 | DC2: 2022/08 | DD2: 2022/09 | DE2: 2022/10 | DF2: 2022/11 | DG2: 2022/12 | DH2: 2023/01 | DI2: 2023/02 | DJ2: 2023/03 | DK2: 2023/04 | DL2: 2023/05 | DM2: 2023/06 | DN2: 2023/07 | DO2: 2023/08 | DP2: 2023/09 | DQ2: 2023/10 | DR2: 2023/11 | DS2: 2023/12 | DT2: 2024/01 | DU2: 2024/02 | DV2: 2024/03 | DW2: 2024/04 | DX2: 2024/05 | DY2: 2024/06 | DZ2: 2024/07 | EA2: 2024/08 | EB2: 2024/09 | EC2: 2024/10 | ED2: 2024/11 | EE2: 2024/12 | EF2: 2025/01
B3: bm | C3: 0.078799 | D3: 0.179733 | E3: 0.015489 | F3: -0.022168 | G3: -0.008104 | H3: -0.015401 | I3: -0.196766 | J3: 0.27883 | K3: -0.005693 | L3: -0.04789 | M3: -0.00527 | N3: -0.19107 | O3: 0.310847 | P3: 0.113771 | Q3: -0.123071 | R3: -0.112558 | S3: 0.104666 | T3: -0.144585 | U3: -0.262808 | V3: 0.003019 | W3: 0.13196 | X3: -0.089415 | Y3: 0.279063 | Z3: 0.10309 | AA3: 0.486377 | AB3: -0.23482 | AC3: 0.012097 | AD3: 0.024632 | AE3: -0.005668 | AF3: -0.056269 | AG3: 0.122405 | AH3: 0.043997 | AI3: 0.162268 | AJ3: 0.06893 | AK3: 0.08736 | AL3: 0.187381 | AM3: 0.096837 | AN3: 0.207574 | AO3: 0.117976 | AP3: -0.028504 | AQ3: -0.21144 | AR3: -0.032303 | AS3: 0.14111 | AT3: -0.034808 | AU3: 0.044456 | AV3: 0.021163 | AW3: -0.174155 | AX3: 0.076318 | AY3: 0.009031 | AZ3: 0.016639 | BA3: 0.1605 | BB3: -0.123741 | BC3: 0.156737 | BD3: 0.166883 | BE3: -0.131472 | BF3: 0.00995 | BG3: 0.315311 | BH3: 0.270101 | BI3: 0.056315 | BJ3: -0.00241 | BK3: 0.0798 | BL3: -0.023392 | BM3: 0.094009 | BN3: 0.017644 | BO3: -0.149288 | BP3: 0.041226 | BQ3: -0.082741 | BR3: 0.213465 | BS3: -0.067985 | BT3: 0.14435 | BU3: 0.113779 | BV3: 0.005601 | BW3: 0.113147 | BX3: -0.090571 | BY3: 0.11857 | BZ3: -0.140713 | CA3: 0.073473 | CB3: -0.171026 | CC3: 0.086732 | CD3: 0.031268 | CE3: 0.218797 | CF3: -0.141595 | CG3: 0.099732 | CH3: 0.045308 | CI3: 0.089441 | CJ3: -0.391113 | CK3: -0.109791 | CL3: -0.043456 | CM3: 0.183112 | CN3: -0.397462 | CO3: -0.09693 | CP3: -0.095682 | CQ3: 0.171975 | CR3: 0.061939 | CS3: -0.047664 | CT3: -0.010474 | CU3: -0.034401 | CV3: -0.022584 | CW3: 0.039676 | CX3: -0.053905 | CY3: 0.027222 | CZ3: 0.098878 | DA3: 0.312541 | DB3: -0.155646 | DC3: -0.186959 | DD3: -0.168523 | DE3: 0.167798 | DF3: -0.091638 | DG3: -0.075709 | DH3: 0.007796 | DI3: -0.00255 | DJ3: -0.068988 | DK3: 0.046125 | DL3: -0.058338 | DM3: -0.070566 | DN3: 0.028093 | DO3: -0.070883 | DP3: 0.161131 | DQ3: 0.154744 | DR3: -0.107425 | DS3: 0.112842 | DT3: -0.091402 | DU3: -0.065442 | DV3: -0.073759 | DW3: 0.066156 | DX3: 0.069417 | DY3: -0.102992 | DZ3: 0.263913 | EA3: -0.089759 | EB3: 0.194325 | EC3: -0.030097 | ED3: 0.028618 | EE3: -0.087372 | EF3: -0.020976
B4: size | C4: -0.203737 | D4: -0.196253 | E4: -0.254159 | F4: 0.046204 | G4: 0.030789 | H4: -0.051609 | I4: 0.001151 | J4: 0.048763 | K4: -0.101982 | L4: -0.018322 | M4: -0.054834 | N4: -0.03015 | O4: -0.186727 | P4: 0.030188 | Q4: 0.09789 | R4: -0.093808 | S4: 0.022756 | T4: 0.073507 | U4: 0.006855 | V4: -0.021639 | W4: -0.006039 | X4: -0.169731 | Y4: -0.233653 | Z4: -0.009998 | AA4: -0.002435 | AB4: -0.163808 | AC4: -0.065406 | AD4: -0.053692 | AE4: 0.043446 | AF4: 0.080856 | AG4: -0.10082 | AH4: 0.118548 | AI4: -0.086918 | AJ4: -0.096715 | AK4: 0.077115 | AL4: 0.019376 | AM4: -0.006685 | AN4: 0.011433 | AO4: -0.044565 | AP4: 0.079751 | AQ4: -0.090693 | AR4: 0.114431 | AS4: 0.082296 | AT4: 0.010312 | AU4: -0.03371 | AV4: -0.217699 | AW4: 0.052457 | AX4: 0.013927 | AY4: 0.105011 | AZ4: 0.017529 | BA4: -0.154326 | BB4: -0.252464 | BC4: -0.149872 | BD4: -0.022774 | BE4: -0.031425 | BF4: 0.123277 | BG4: -0.075331 | BH4: -0.064737 | BI4: 0.018214 | BJ4: -0.150851 | BK4: -0.058953 | BL4: -0.047774 | BM4: 0.020342 | BN4: 0.040714 | BO4: 0.045215 | BP4: 0.083627 | BQ4: 0.030825 | BR4: -0.115455 | BS4: -0.019265 | BT4: -0.034112 | BU4: -0.04527 | BV4: 0.171973 | BW4: -0.100291 | BX4: -0.068045 | BY4: -0.182695 | BZ4: 0.085574 | CA4: 0.009991 | CB4: 0.198019 | CC4: -0.294464 | CD4: -0.131849 | CE4: -0.059049 | CF4: -0.113821 | CG4: 0.056476 | CH4: -0.004728 | CI4: 0.08406 | CJ4: 0.028606 | CK4: -0.02196 | CL4: -0.067871 | CM4: 0.04007 | CN4: 0.18816 | CO4: 0.002367 | CP4: 0.019451 | CQ4: -0.030617 | CR4: -0.287611 | CS4: -0.279011 | CT4: 0.082167 | CU4: -0.104495 | CV4: 0.11175 | CW4: -0.050011 | CX4: 0.05921 | CY4: -0.174711 | CZ4: -0.131097 | DA4: -0.220326 | DB4: -0.051224 | DC4: -0.142794 | DD4: 0.10209 | DE4: 0.044656 | DF4: 0.056233 | DG4: -0.141682 | DH4: 0.157626 | DI4: -0.062036 | DJ4: -0.119679 | DK4: -0.163693 | DL4: 0.09443 | DM4: 0.23372 | DN4: 0.073797 | DO4: -0.045813 | DP4: -0.068308 | DQ4: -0.169306 | DR4: -0.129244 | DS4: -0.073887 | DT4: -0.203706 | DU4: -0.054892 | DV4: 0.012037 | DW4: -0.00613 | DX4: -0.0849 | DY4: 0.100007 | DZ4: -0.13106 | EA4: -0.194881 | EB4: -0.319798 | EC4: 0.049837 | ED4: 0.054628 | EE4: 0.120046 | EF4: 0.243811
B5: mom | C5: -0.209358 | D5: -0.107363 | E5: 0.524848 | F5: 0.046837 | G5: -0.210471 | H5: 0.474415 | I5: 0.146785 | J5: -0.056232 | K5: 0.275528 | L5: -0.430043 | M5: 0.323768 | N5: -0.348242 | O5: -0.097529 | P5: 0.395466 | Q5: 0.048467 | R5: -0.098851 | S5: 0.305792 | T5: 0.072072 | U5: -0.000479 | V5: -0.139367 | W5: -0.39469 | X5: -0.129478 | Y5: -0.681273 | Z5: -0.004172 | AA5: 0.018198 | AB5: 0.201122 | AC5: -0.089163 | AD5: 0.145141 | AE5: 0.074669 | AF5: 0.17577 | AG5: -0.30336 | AH5: -0.34825 | AI5: 0.258724 | AJ5: -0.488892 | AK5: 0.132548 | AL5: -0.02379 | AM5: 0.011752 | AN5: -0.074933 | AO5: 0.184463 | AP5: 0.032348 | AQ5: 0.151198 | AR5: -0.095283 | AS5: -0.126004 | AT5: 0.151645 | AU5: -0.200837 | AV5: 0.078906 | AW5: 0.000679 | AX5: 0.112293 | AY5: -0.118056 | AZ5: 0.20622 | BA5: -0.039692 | BB5: 0.082996 | BC5: -0.130005 | BD5: -0.106316 | BE5: 0.115933 | BF5: -0.285262 | BG5: -0.150933 | BH5: 0.00292 | BI5: 0.058127 | BJ5: -0.25987 | BK5: 0.184879 | BL5: -0.269132 | BM5: 0.171738 | BN5: -0.180922 | BO5: -0.063204 | BP5: 0.071868 | BQ5: -0.16861 | BR5: -0.025448 | BS5: 0.124424 | BT5: 0.207722 | BU5: -0.060051 | BV5: -0.0517 | BW5: -0.126802 | BX5: -0.10582 | BY5: 0.053607 | BZ5: -0.034479 | CA5: -0.020066 | CB5: 0.08459 | CC5: -0.110384 | CD5: 0.327423 | CE5: -0.014867 | CF5: -0.149373 | CG5: 0.1632 | CH5: -0.069038 | CI5: -0.115362 | CJ5: -0.263017 | CK5: 0.378974 | CL5: -0.076383 | CM5: 0.042833 | CN5: -0.151616 | CO5: 0.437168 | CP5: -0.004183 | CQ5: -0.499352 | CR5: 0.339857 | CS5: -0.189887 | CT5: 0.22462 | CU5: -0.251718 | CV5: -0.060588 | CW5: 0.210877 | CX5: 0.250162 | CY5: -0.524134 | CZ5: 0.821618 | DA5: -0.176523 | DB5: 0.13116 | DC5: 0.175737 | DD5: -0.420839 | DE5: -0.227972 | DF5: -0.33716 | DG5: -0.444004 | DH5: -0.042933 | DI5: 0.308969 | DJ5: -0.286692 | DK5: 0.846212 | DL5: -0.16924 | DM5: -0.43945 | DN5: 0.747513 | DO5: -0.399964 | DP5: -0.044863 | DQ5: -0.588634 | DR5: -0.006563 | DS5: -0.198785 | DT5: 0.413212 | DU5: -0.170654 | DV5: 0.68828 | DW5: 0.040806 | DX5: -0.199935 | DY5: 0.566314 | DZ5: 0.473629 | EA5: 0.095445 | EB5: -1.076361 | EC5: -0.136106 | ED5: -0.273497 | EE5: 0.601349 | EF5: 0.006747
A6: 選絕對值最大 | C6: 3 | D6: 2 | E6: 3 | F6: 3 | G6: 3 | H6: 3 | I6: 1 | J6: 1 | K6: 3 | L6: 3 | M6: 3 | N6: 3 | O6: 1 | P6: 3 | Q6: 1 | R6: 1 | S6: 3 | T6: 1 | U6: 1 | V6: 3 | W6: 3 | X6: 2 | Y6: 3 | Z6: 1 | AA6: 1 | AB6: 1 | AC6: 3 | AD6: 3 | AE6: 3 | AF6: 3 | AG6: 3 | AH6: 3 | AI6: 3 | AJ6: 3 | AK6: 3 | AL6: 1 | AM6: 1 | AN6: 1 | AO6: 3 | AP6: 2 | AQ6: 1 | AR6: 2 | AS6: 1 | AT6: 3 | AU6: 3 | AV6: 2 | AW6: 1 | AX6: 3 | AY6: 3 | AZ6: 3 | BA6: 1 | BB6: 2 | BC6: 1 | BD6: 1 | BE6: 1 | BF6: 3 | BG6: 1 | BH6: 1 | BI6: 3 | BJ6: 3 | BK6: 3 | BL6: 3 | BM6: 3 | BN6: 3 | BO6: 1 | BP6: 2 | BQ6: 3 | BR6: 1 | BS6: 3 | BT6: 3 | BU6: 1 | BV6: 2 | BW6: 3 | BX6: 3 | BY6: 2 | BZ6: 1 | CA6: 1 | CB6: 2 | CC6: 2 | CD6: 3 | CE6: 1 | CF6: 3 | CG6: 3 | CH6: 3 | CI6: 3 | CJ6: 1 | CK6: 3 | CL6: 3 | CM6: 1 | CN6: 1 | CO6: 3 | CP6: 1 | CQ6: 3 | CR6: 3 | CS6: 2 | CT6: 3 | CU6: 3 | CV6: 2 | CW6: 3 | CX6: 3 | CY6: 3 | CZ6: 3 | DA6: 1 | DB6: 1 | DC6: 1 | DD6: 3 | DE6: 3 | DF6: 3 | DG6: 3 | DH6: 2 | DI6: 3 | DJ6: 3 | DK6: 3 | DL6: 3 | DM6: 3 | DN6: 3 | DO6: 3 | DP6: 1 | DQ6: 3 | DR6: 2 | DS6: 3 | DT6: 3 | DU6: 3 | DV6: 3 | DW6: 1 | DX6: 3 | DY6: 3 | DZ6: 3 | EA6: 2 | EB6: 3 | EC6: 3 | ED6: 3 | EE6: 3 | EF6: 2
C7: mom | D7: size | E7: mom | F7: mom | G7: mom | H7: mom | I7: bm | J7: bm | K7: mom | L7: mom | M7: mom | N7: mom | O7: bm | P7: mom | Q7: bm | R7: bm | S7: mom | T7: bm | U7: bm | V7: mom | W7: mom | X7: size | Y7: mom | Z7: bm | AA7: bm | AB7: bm | AC7: mom | AD7: mom | AE7: mom | AF7: mom | AG7: mom | AH7: mom | AI7: mom | AJ7: mom | AK7: mom | AL7: bm | AM7: bm | AN7: bm | AO7: mom | AP7: size | AQ7: bm | AR7: size | AS7: bm | AT7: mom | AU7: mom | AV7: size | AW7: bm | AX7: mom | AY7: mom | AZ7: mom | BA7: bm | BB7: size | BC7: bm | BD7: bm | BE7: bm | BF7: mom | BG7: bm | BH7: bm | BI7: mom | BJ7: mom | BK7: mom | BL7: mom | BM7: mom | BN7: mom | BO7: bm | BP7: size | BQ7: mom | BR7: bm | BS7: mom | BT7: mom | BU7: bm | BV7: size | BW7: mom | BX7: mom | BY7: size | BZ7: bm | CA7: bm | CB7: size | CC7: size | CD7: mom | CE7: bm | CF7: mom | CG7: mom | CH7: mom | CI7: mom | CJ7: bm | CK7: mom | CL7: mom | CM7: bm | CN7: bm | CO7: mom | CP7: bm | CQ7: mom | CR7: mom | CS7: size | CT7: mom | CU7: mom | CV7: size | CW7: mom | CX7: mom | CY7: mom | CZ7: mom | DA7: bm | DB7: bm | DC7: bm | DD7: mom | DE7: mom | DF7: mom | DG7: mom | DH7: size | DI7: mom | DJ7: mom | DK7: mom | DL7: mom | DM7: mom | DN7: mom | DO7: mom | DP7: bm | DQ7: mom | DR7: size | DS7: mom | DT7: mom | DU7: mom | DV7: mom | DW7: bm | DX7: mom | DY7: mom | DZ7: mom | EA7: size | EB7: mom | EC7: mom | ED7: mom | EE7: mom | EF7: size
C8: -0.209358 | D8: -0.196253 | E8: 0.524848 | F8: 0.046837 | G8: -0.210471 | H8: 0.474415 | I8: -0.196766 | J8: 0.27883 | K8: 0.275528 | L8: -0.430043 | M8: 0.323768 | N8: -0.348242 | O8: 0.310847 | P8: 0.395466 | Q8: -0.123071 | R8: -0.112558 | S8: 0.305792 | T8: -0.144585 | U8: -0.262808 | V8: -0.139367 | W8: -0.39469 | X8: -0.169731 | Y8: -0.681273 | Z8: 0.10309 | AA8: 0.486377 | AB8: -0.23482 | AC8: -0.089163 | AD8: 0.145141 | AE8: 0.074669 | AF8: 0.17577 | AG8: -0.30336 | AH8: -0.34825 | AI8: 0.258724 | AJ8: -0.488892 | AK8: 0.132548 | AL8: 0.187381 | AM8: 0.096837 | AN8: 0.207574 | AO8: 0.184463 | AP8: 0.079751 | AQ8: -0.21144 | AR8: 0.114431 | AS8: 0.14111 | AT8: 0.151645 | AU8: -0.200837 | AV8: -0.217699 | AW8: -0.174155 | AX8: 0.112293 | AY8: -0.118056 | AZ8: 0.20622 | BA8: 0.1605 | BB8: -0.252464 | BC8: 0.156737 | BD8: 0.166883 | BE8: -0.131472 | BF8: -0.285262 | BG8: 0.315311 | BH8: 0.270101 | BI8: 0.058127 | BJ8: -0.25987 | BK8: 0.184879 | BL8: -0.269132 | BM8: 0.171738 | BN8: -0.180922 | BO8: -0.149288 | BP8: 0.083627 | BQ8: -0.16861 | BR8: 0.213465 | BS8: 0.124424 | BT8: 0.207722 | BU8: 0.113779 | BV8: 0.171973 | BW8: -0.126802 | BX8: -0.10582 | BY8: -0.182695 | BZ8: -0.140713 | CA8: 0.073473 | CB8: 0.198019 | CC8: -0.294464 | CD8: 0.327423 | CE8: 0.218797 | CF8: -0.149373 | CG8: 0.1632 | CH8: -0.069038 | CI8: -0.115362 | CJ8: -0.391113 | CK8: 0.378974 | CL8: -0.076383 | CM8: 0.183112 | CN8: -0.397462 | CO8: 0.437168 | CP8: -0.095682 | CQ8: -0.499352 | CR8: 0.339857 | CS8: -0.279011 | CT8: 0.22462 | CU8: -0.251718 | CV8: 0.11175 | CW8: 0.210877 | CX8: 0.250162 | CY8: -0.524134 | CZ8: 0.821618 | DA8: 0.312541 | DB8: -0.155646 | DC8: -0.186959 | DD8: -0.420839 | DE8: -0.227972 | DF8: -0.33716 | DG8: -0.444004 | DH8: 0.157626 | DI8: 0.308969 | DJ8: -0.286692 | DK8: 0.846212 | DL8: -0.16924 | DM8: -0.43945 | DN8: 0.747513 | DO8: -0.399964 | DP8: 0.161131 | DQ8: -0.588634 | DR8: -0.129244 | DS8: -0.198785 | DT8: 0.413212 | DU8: -0.170654 | DV8: 0.68828 | DW8: 0.066156 | DX8: -0.199935 | DY8: 0.566314 | DZ8: 0.473629 | EA8: -0.194881 | EB8: -1.076361 | EC8: -0.136106 | ED8: -0.273497 | EE8: 0.601349 | EF8: 0.243811
A10: 投資組合 | C10: 公司數 | D10: 964
A11: 等分 | B11: 家數 | C11: 2014/01 | D11: 2014/02 | E11: 2014/03 | F11: 2014/04 | G11: 2014/05 | H11: 2014/06 | I11: 2014/07 | J11: 2014/08 | K11: 2014/09 | L11: 2014/10 | M11: 2014/11 | N11: 2014/12 | O11: 2015/01 | P11: 2015/02 | Q11: 2015/03 | R11: 2015/04 | S11: 2015/05 | T11: 2015/06 | U11: 2015/07 | V11: 2015/08 | W11: 2015/09 | X11: 2015/10 | Y11: 2015/11 | Z11: 2015/12 | AA11: 2016/01 | AB11: 2016/02 | AC11: 2016/03 | AD11: 2016/04 | AE11: 2016/05 | AF11: 2016/06 | AG11: 2016/07 | AH11: 2016/08 | AI11: 2016/09 | AJ11: 2016/10 | AK11: 2016/11 | AL11: 2016/12 | AM11: 2017/01 | AN11: 2017/02 | AO11: 2017/03 | AP11: 2017/04 | AQ11: 2017/05 | AR11: 2017/06 | AS11: 2017/07 | AT11: 2017/08 | AU11: 2017/09 | AV11: 2017/10 | AW11: 2017/11 | AX11: 2017/12 | AY11: 2018/01 | AZ11: 2018/02 | BA11: 2018/03 | BB11: 2018/04 | BC11: 2018/05 | BD11: 2018/06 | BE11: 2018/07 | BF11: 2018/08 | BG11: 2018/09 | BH11: 2018/10 | BI11: 2018/11 | BJ11: 2018/12 | BK11: 2019/01 | BL11: 2019/02 | BM11: 2019/03 | BN11: 2019/04 | BO11: 2019/05 | BP11: 2019/06 | BQ11: 2019/07 | BR11: 2019/08 | BS11: 2019/09 | BT11: 2019/10 | BU11: 2019/11 | BV11: 2019/12 | BW11: 2020/01 | BX11: 2020/02 | BY11: 2020/03 | BZ11: 2020/04 | CA11: 2020/05 | CB11: 2020/06 | CC11: 2020/07 | CD11: 2020/08 | CE11: 2020/09 | CF11: 2020/10 | CG11: 2020/11 | CH11: 2020/12 | CI11: 2021/01 | CJ11: 2021/02 | CK11: 2021/03 | CL11: 2021/04 | CM11: 2021/05 | CN11: 2021/06 | CO11: 2021/07 | CP11: 2021/08 | CQ11: 2021/09 | CR11: 2021/10 | CS11: 2021/11 | CT11: 2021/12 | CU11: 2022/01 | CV11: 2022/02 | CW11: 2022/03 | CX11: 2022/04 | CY11: 2022/05 | CZ11: 2022/06 | DA11: 2022/07 | DB11: 2022/08 | DC11: 2022/09 | DD11: 2022/10 | DE11: 2022/11 | DF11: 2022/12 | DG11: 2023/01 | DH11: 2023/02 | DI11: 2023/03 | DJ11: 2023/04 | DK11: 2023/05 | DL11: 2023/06 | DM11: 2023/07 | DN11: 2023/08 | DO11: 2023/09 | DP11: 2023/10 | DQ11: 2023/11 | DR11: 2023/12 | DS11: 2024/01 | DT11: 2024/02 | DU11: 2024/03 | DV11: 2024/04 | DW11: 2024/05 | DX11: 2024/06 | DY11: 2024/07 | DZ11: 2024/08 | EA11: 2024/09 | EB11: 2024/10 | EC11: 2024/11 | ED11: 2024/12 | EE11: 2025/01 | EF11: 2025/02
A12: 10 | B12: 96 | C12: 0.08669241 | D12: =C12+預測IC!D12 | E12: =D12+預測IC!E12 | F12: =E12+預測IC!F12 | G12: =F12+預測IC!G12 | H12: =G12+預測IC!H12 | I12: =H12+預測IC!I12 | J12: =I12+預測IC!J12 | K12: =J12+預測IC!K12 | ... EF12: =EE12+預測IC!EF12
A13: 20 | B13: 48 | C13: 0.10411275 | D13: =C13+預測IC!D13 | E13: =D13+預測IC!E13 | F13: =E13+預測IC!F13 | G13: =F13+預測IC!G13 | H13: =G13+預測IC!H13 | I13: =H13+預測IC!I13 | J13: =I13+預測IC!J13 | K13: =J13+預測IC!K13 | ... EF13: =EE13+預測IC!EF13
A14: 50 | B14: 19 | C14: 0.11994149 | D14: =C14+預測IC!D14 | E14: =D14+預測IC!E14 | F14: =E14+預測IC!F14 | G14: =F14+預測IC!G14 | H14: =G14+預測IC!H14 | I14: =H14+預測IC!I14 | J14: =I14+預測IC!J14 | K14: =J14+預測IC!K14 | ... EF14: =EE14+預測IC!EF14
A15: 100 | B15: 10 | C15: 0.22764466 | D15: =C15+預測IC!D15 | E15: =D15+預測IC!E15 | F15: =E15+預測IC!F15 | G15: =F15+預測IC!G15 | H15: =G15+預測IC!H15 | I15: =H15+預測IC!I15 | J15: =I15+預測IC!J15 | K15: =J15+預測IC!K15 | ... EF15: =EE15+預測IC!EF15
A16: 107 | B16: 9 | C16: 0.20787478 | D16: =C16+預測IC!D16 | E16: =D16+預測IC!E16 | F16: =E16+預測IC!F16 | G16: =F16+預測IC!G16 | H16: =G16+預測IC!H16 | I16: =H16+預測IC!I16 | J16: =I16+預測IC!J16 | K16: =J16+預測IC!K16 | ... EF16: =EE16+預測IC!EF16
A17: 120 | B17: 8 | C17: 0.20609219 | D17: =C17+預測IC!D17 | E17: =D17+預測IC!E17 | F17: =E17+預測IC!F17 | G17: =F17+預測IC!G17 | H17: =G17+預測IC!H17 | I17: =H17+預測IC!I17 | J17: =I17+預測IC!J17 | K17: =J17+預測IC!K17 | ... EF17: =EE17+預測IC!EF17
A18: 137 | B18: 7 | C18: 0.18975112 | D18: =C18+預測IC!D18 | E18: =D18+預測IC!E18 | F18: =E18+預測IC!F18 | G18: =F18+預測IC!G18 | H18: =G18+預測IC!H18 | I18: =H18+預測IC!I18 | J18: =I18+預測IC!J18 | K18: =J18+預測IC!K18 | ... EF18: =EE18+預測IC!EF18
A19: 160 | B19: 6 | C19: 0.19660027 | D19: =C19+預測IC!D19 | E19: =D19+預測IC!E19 | F19: =E19+預測IC!F19 | G19: =F19+預測IC!G19 | H19: =G19+預測IC!H19 | I19: =H19+預測IC!I19 | J19: =I19+預測IC!J19 | K19: =J19+預測IC!K19 | ... EF19: =EE19+預測IC!EF19
A20: 192 | B20: 5 | C20: 0.20155105 | D20: =C20+預測IC!D20 | E20: =D20+預測IC!E20 | F20: =E20+預測IC!F20 | G20: =F20+預測IC!G20 | H20: =G20+預測IC!H20 | I20: =H20+預測IC!I20 | J20: =I20+預測IC!J20 | K20: =J20+預測IC!K20 | ... EF20: =EE20+預測IC!EF20
A21: 241 | B21: 4 | C21: 0.21462958 | D21: =C21+預測IC!D21 | E21: =D21+預測IC!E21 | F21: =E21+預測IC!F21 | G21: =F21+預測IC!G21 | H21: =G21+預測IC!H21 | I21: =H21+預測IC!I21 | J21: =I21+預測IC!J21 | K21: =J21+預測IC!K21 | ... EF21: =EE21+預測IC!EF21
A22: 321 | B22: 3 | C22: 0.2052803 | D22: =C22+預測IC!D22 | E22: =D22+預測IC!E22 | F22: =E22+預測IC!F22 | G22: =F22+預測IC!G22 | H22: =G22+預測IC!H22 | I22: =H22+預測IC!I22 | J22: =I22+預測IC!J22 | K22: =J22+預測IC!K22 | ... EF22: =EE22+預測IC!EF22
A23: 482 | B23: 2 | C23: 0.28298927 | D23: =C23+預測IC!D23 | E23: =D23+預測IC!E23 | F23: =E23+預測IC!F23 | G23: =F23+預測IC!G23 | H23: =G23+預測IC!H23 | I23: =H23+預測IC!I23 | J23: =I23+預測IC!J23 | K23: =J23+預測IC!K23 | ... EF23: =EE23+預測IC!EF23
A24: 964 | B24: 1 | C24: 0.09911336 | D24: =C24+預測IC!D24 | E24: =D24+預測IC!E24 | F24: =E24+預測IC!F24 | G24: =F24+預測IC!G24 | H24: =G24+預測IC!H24 | I24: =H24+預測IC!I24 | J24: =I24+預測IC!J24 | K24: =J24+預測IC!K24 | ... EF24: =EE24+預測IC!EF24
A26: 大盤 | B26: TWII | C26: -0.017446771 | D26: =C26+預測IC!D26 | E26: =D26+預測IC!E26 | F26: =E26+預測IC!F26 | G26: =F26+預測IC!G26 | H26: =G26+預測IC!H26 | I26: =H26+預測IC!I26 | J26: =I26+預測IC!J26 | K26: =J26+預測IC!K26 | ... EF26: =EE26+預測IC!EF26

Sheet 畫圖
A1: OLS
B2: Time | C2: 2013/12 | D2: 2014/01 | E2: 2014/02 | F2: 2014/03 | G2: 2014/04 | H2: 2014/05 | I2: 2014/06 | J2: 2014/07 | K2: 2014/08 | L2: 2014/09 | M2: 2014/10 | N2: 2014/11 | O2: 2014/12 | P2: 2015/01 | Q2: 2015/02 | R2: 2015/03 | S2: 2015/04 | T2: 2015/05 | U2: 2015/06 | V2: 2015/07 | W2: 2015/08 | X2: 2015/09 | Y2: 2015/10 | Z2: 2015/11 | AA2: 2015/12 | AB2: 2016/01 | AC2: 2016/02 | AD2: 2016/03 | AE2: 2016/04 | AF2: 2016/05 | AG2: 2016/06 | AH2: 2016/07 | AI2: 2016/08 | AJ2: 2016/09 | AK2: 2016/10 | AL2: 2016/11 | AM2: 2016/12 | AN2: 2017/01 | AO2: 2017/02 | AP2: 2017/03 | AQ2: 2017/04 | AR2: 2017/05 | AS2: 2017/06 | AT2: 2017/07 | AU2: 2017/08 | AV2: 2017/09 | AW2: 2017/10 | AX2: 2017/11 | AY2: 2017/12 | AZ2: 2018/01 | BA2: 2018/02 | BB2: 2018/03 | BC2: 2018/04 | BD2: 2018/05 | BE2: 2018/06 | BF2: 2018/07 | BG2: 2018/08 | BH2: 2018/09 | BI2: 2018/10 | BJ2: 2018/11 | BK2: 2018/12 | BL2: 2019/01 | BM2: 2019/02 | BN2: 2019/03 | BO2: 2019/04 | BP2: 2019/05 | BQ2: 2019/06 | BR2: 2019/07 | BS2: 2019/08 | BT2: 2019/09 | BU2: 2019/10 | BV2: 2019/11 | BW2: 2019/12 | BX2: 2020/01 | BY2: 2020/02 | BZ2: 2020/03 | CA2: 2020/04 | CB2: 2020/05 | CC2: 2020/06 | CD2: 2020/07 | CE2: 2020/08 | CF2: 2020/09 | CG2: 2020/10 | CH2: 2020/11 | CI2: 2020/12 | CJ2: 2021/01 | CK2: 2021/02 | CL2: 2021/03 | CM2: 2021/04 | CN2: 2021/05 | CO2: 2021/06 | CP2: 2021/07 | CQ2: 2021/08 | CR2: 2021/09 | CS2: 2021/10 | CT2: 2021/11 | CU2: 2021/12 | CV2: 2022/01 | CW2: 2022/02 | CX2: 2022/03 | CY2: 2022/04 | CZ2: 2022/05 | DA2: 2022/06 | DB2: 2022/07 | DC2: 2022/08 | DD2: 2022/09 | DE2: 2022/10 | DF2: 2022/11 | DG2: 2022/12 | DH2: 2023/01 | DI2: 2023/02 | DJ2: 2023/03 | DK2: 2023/04 | DL2: 2023/05 | DM2: 2023/06 | DN2: 2023/07 | DO2: 2023/08 | DP2: 2023/09 | DQ2: 2023/10 | DR2: 2023/11 | DS2: 2023/12 | DT2: 2024/01 | DU2: 2024/02 | DV2: 2024/03 | DW2: 2024/04 | DX2: 2024/05 | DY2: 2024/06 | DZ2: 2024/07 | EA2: 2024/08 | EB2: 2024/09 | EC2: 2024/10 | ED2: 2024/11 | EE2: 2024/12 | EF2: 2025/01
B3: bm | C3: 0.078799 | D3: 0.179733 | E3: 0.015489 | F3: -0.022168 | G3: -0.008104 | H3: -0.015401 | I3: -0.196766 | J3: 0.27883 | K3: -0.005693 | L3: -0.04789 | M3: -0.00527 | N3: -0.19107 | O3: 0.310847 | P3: 0.113771 | Q3: -0.123071 | R3: -0.112558 | S3: 0.104666 | T3: -0.144585 | U3: -0.262808 | V3: 0.003019 | W3: 0.13196 | X3: -0.089415 | Y3: 0.279063 | Z3: 0.10309 | AA3: 0.486377 | AB3: -0.23482 | AC3: 0.012097 | AD3: 0.024632 | AE3: -0.005668 | AF3: -0.056269 | AG3: 0.122405 | AH3: 0.043997 | AI3: 0.162268 | AJ3: 0.06893 | AK3: 0.08736 | AL3: 0.187381 | AM3: 0.096837 | AN3: 0.207574 | AO3: 0.117976 | AP3: -0.028504 | AQ3: -0.21144 | AR3: -0.032303 | AS3: 0.14111 | AT3: -0.034808 | AU3: 0.044456 | AV3: 0.021163 | AW3: -0.174155 | AX3: 0.076318 | AY3: 0.009031 | AZ3: 0.016639 | BA3: 0.1605 | BB3: -0.123741 | BC3: 0.156737 | BD3: 0.166883 | BE3: -0.131472 | BF3: 0.00995 | BG3: 0.315311 | BH3: 0.270101 | BI3: 0.056315 | BJ3: -0.00241 | BK3: 0.0798 | BL3: -0.023392 | BM3: 0.094009 | BN3: 0.017644 | BO3: -0.149288 | BP3: 0.041226 | BQ3: -0.082741 | BR3: 0.213465 | BS3: -0.067985 | BT3: 0.14435 | BU3: 0.113779 | BV3: 0.005601 | BW3: 0.113147 | BX3: -0.090571 | BY3: 0.11857 | BZ3: -0.140713 | CA3: 0.073473 | CB3: -0.171026 | CC3: 0.086732 | CD3: 0.031268 | CE3: 0.218797 | CF3: -0.141595 | CG3: 0.099732 | CH3: 0.045308 | CI3: 0.089441 | CJ3: -0.391113 | CK3: -0.109791 | CL3: -0.043456 | CM3: 0.183112 | CN3: -0.397462 | CO3: -0.09693 | CP3: -0.095682 | CQ3: 0.171975 | CR3: 0.061939 | CS3: -0.047664 | CT3: -0.010474 | CU3: -0.034401 | CV3: -0.022584 | CW3: 0.039676 | CX3: -0.053905 | CY3: 0.027222 | CZ3: 0.098878 | DA3: 0.312541 | DB3: -0.155646 | DC3: -0.186959 | DD3: -0.168523 | DE3: 0.167798 | DF3: -0.091638 | DG3: -0.075709 | DH3: 0.007796 | DI3: -0.00255 | DJ3: -0.068988 | DK3: 0.046125 | DL3: -0.058338 | DM3: -0.070566 | DN3: 0.028093 | DO3: -0.070883 | DP3: 0.161131 | DQ3: 0.154744 | DR3: -0.107425 | DS3: 0.112842 | DT3: -0.091402 | DU3: -0.065442 | DV3: -0.073759 | DW3: 0.066156 | DX3: 0.069417 | DY3: -0.102992 | DZ3: 0.263913 | EA3: -0.089759 | EB3: 0.194325 | EC3: -0.030097 | ED3: 0.028618 | EE3: -0.087372 | EF3: -0.020976
B4: size | C4: -0.203737 | D4: -0.196253 | E4: -0.254159 | F4: 0.046204 | G4: 0.030789 | H4: -0.051609 | I4: 0.001151 | J4: 0.048763 | K4: -0.101982 | L4: -0.018322 | M4: -0.054834 | N4: -0.03015 | O4: -0.186727 | P4: 0.030188 | Q4: 0.09789 | R4: -0.093808 | S4: 0.022756 | T4: 0.073507 | U4: 0.006855 | V4: -0.021639 | W4: -0.006039 | X4: -0.169731 | Y4: -0.233653 | Z4: -0.009998 | AA4: -0.002435 | AB4: -0.163808 | AC4: -0.065406 | AD4: -0.053692 | AE4: 0.043446 | AF4: 0.080856 | AG4: -0.10082 | AH4: 0.118548 | AI4: -0.086918 | AJ4: -0.096715 | AK4: 0.077115 | AL4: 0.019376 | AM4: -0.006685 | AN4: 0.011433 | AO4: -0.044565 | AP4: 0.079751 | AQ4: -0.090693 | AR4: 0.114431 | AS4: 0.082296 | AT4: 0.010312 | AU4: -0.03371 | AV4: -0.217699 | AW4: 0.052457 | AX4: 0.013927 | AY4: 0.105011 | AZ4: 0.017529 | BA4: -0.154326 | BB4: -0.252464 | BC4: -0.149872 | BD4: -0.022774 | BE4: -0.031425 | BF4: 0.123277 | BG4: -0.075331 | BH4: -0.064737 | BI4: 0.018214 | BJ4: -0.150851 | BK4: -0.058953 | BL4: -0.047774 | BM4: 0.020342 | BN4: 0.040714 | BO4: 0.045215 | BP4: 0.083627 | BQ4: 0.030825 | BR4: -0.115455 | BS4: -0.019265 | BT4: -0.034112 | BU4: -0.04527 | BV4: 0.171973 | BW4: -0.100291 | BX4: -0.068045 | BY4: -0.182695 | BZ4: 0.085574 | CA4: 0.009991 | CB4: 0.198019 | CC4: -0.294464 | CD4: -0.131849 | CE4: -0.059049 | CF4: -0.113821 | CG4: 0.056476 | CH4: -0.004728 | CI4: 0.08406 | CJ4: 0.028606 | CK4: -0.02196 | CL4: -0.067871 | CM4: 0.04007 | CN4: 0.18816 | CO4: 0.002367 | CP4: 0.019451 | CQ4: -0.030617 | CR4: -0.287611 | CS4: -0.279011 | CT4: 0.082167 | CU4: -0.104495 | CV4: 0.11175 | CW4: -0.050011 | CX4: 0.05921 | CY4: -0.174711 | CZ4: -0.131097 | DA4: -0.220326 | DB4: -0.051224 | DC4: -0.142794 | DD4: 0.10209 | DE4: 0.044656 | DF4: 0.056233 | DG4: -0.141682 | DH4: 0.157626 | DI4: -0.062036 | DJ4: -0.119679 | DK4: -0.163693 | DL4: 0.09443 | DM4: 0.23372 | DN4: 0.073797 | DO4: -0.045813 | DP4: -0.068308 | DQ4: -0.169306 | DR4: -0.129244 | DS4: -0.073887 | DT4: -0.203706 | DU4: -0.054892 | DV4: 0.012037 | DW4: -0.00613 | DX4: -0.0849 | DY4: 0.100007 | DZ4: -0.13106 | EA4: -0.194881 | EB4: -0.319798 | EC4: 0.049837 | ED4: 0.054628 | EE4: 0.120046 | EF4: 0.243811
B5: mom | C5: -0.209358 | D5: -0.107363 | E5: 0.524848 | F5: 0.046837 | G5: -0.210471 | H5: 0.474415 | I5: 0.146785 | J5: -0.056232 | K5: 0.275528 | L5: -0.430043 | M5: 0.323768 | N5: -0.348242 | O5: -0.097529 | P5: 0.395466 | Q5: 0.048467 | R5: -0.098851 | S5: 0.305792 | T5: 0.072072 | U5: -0.000479 | V5: -0.139367 | W5: -0.39469 | X5: -0.129478 | Y5: -0.681273 | Z5: -0.004172 | AA5: 0.018198 | AB5: 0.201122 | AC5: -0.089163 | AD5: 0.145141 | AE5: 0.074669 | AF5: 0.17577 | AG5: -0.30336 | AH5: -0.34825 | AI5: 0.258724 | AJ5: -0.488892 | AK5: 0.132548 | AL5: -0.02379 | AM5: 0.011752 | AN5: -0.074933 | AO5: 0.184463 | AP5: 0.032348 | AQ5: 0.151198 | AR5: -0.095283 | AS5: -0.126004 | AT5: 0.151645 | AU5: -0.200837 | AV5: 0.078906 | AW5: 0.000679 | AX5: 0.112293 | AY5: -0.118056 | AZ5: 0.20622 | BA5: -0.039692 | BB5: 0.082996 | BC5: -0.130005 | BD5: -0.106316 | BE5: 0.115933 | BF5: -0.285262 | BG5: -0.150933 | BH5: 0.00292 | BI5: 0.058127 | BJ5: -0.25987 | BK5: 0.184879 | BL5: -0.269132 | BM5: 0.171738 | BN5: -0.180922 | BO5: -0.063204 | BP5: 0.071868 | BQ5: -0.16861 | BR5: -0.025448 | BS5: 0.124424 | BT5: 0.207722 | BU5: -0.060051 | BV5: -0.0517 | BW5: -0.126802 | BX5: -0.10582 | BY5: 0.053607 | BZ5: -0.034479 | CA5: -0.020066 | CB5: 0.08459 | CC5: -0.110384 | CD5: 0.327423 | CE5: -0.014867 | CF5: -0.149373 | CG5: 0.1632 | CH5: -0.069038 | CI5: -0.115362 | CJ5: -0.263017 | CK5: 0.378974 | CL5: -0.076383 | CM5: 0.042833 | CN5: -0.151616 | CO5: 0.437168 | CP5: -0.004183 | CQ5: -0.499352 | CR5: 0.339857 | CS5: -0.189887 | CT5: 0.22462 | CU5: -0.251718 | CV5: -0.060588 | CW5: 0.210877 | CX5: 0.250162 | CY5: -0.524134 | CZ5: 0.821618 | DA5: -0.176523 | DB5: 0.13116 | DC5: 0.175737 | DD5: -0.420839 | DE5: -0.227972 | DF5: -0.33716 | DG5: -0.444004 | DH5: -0.042933 | DI5: 0.308969 | DJ5: -0.286692 | DK5: 0.846212 | DL5: -0.16924 | DM5: -0.43945 | DN5: 0.747513 | DO5: -0.399964 | DP5: -0.044863 | DQ5: -0.588634 | DR5: -0.006563 | DS5: -0.198785 | DT5: 0.413212 | DU5: -0.170654 | DV5: 0.68828 | DW5: 0.040806 | DX5: -0.199935 | DY5: 0.566314 | DZ5: 0.473629 | EA5: 0.095445 | EB5: -1.076361 | EC5: -0.136106 | ED5: -0.273497 | EE5: 0.601349 | EF5: 0.006747
A6: 選絕對值最大 | C6: 3 | D6: 2 | E6: 3 | F6: 3 | G6: 3 | H6: 3 | I6: 1 | J6: 1 | K6: 3 | L6: 3 | M6: 3 | N6: 3 | O6: 1 | P6: 3 | Q6: 1 | R6: 1 | S6: 3 | T6: 1 | U6: 1 | V6: 3 | W6: 3 | X6: 2 | Y6: 3 | Z6: 1 | AA6: 1 | AB6: 1 | AC6: 3 | AD6: 3 | AE6: 3 | AF6: 3 | AG6: 3 | AH6: 3 | AI6: 3 | AJ6: 3 | AK6: 3 | AL6: 1 | AM6: 1 | AN6: 1 | AO6: 3 | AP6: 2 | AQ6: 1 | AR6: 2 | AS6: 1 | AT6: 3 | AU6: 3 | AV6: 2 | AW6: 1 | AX6: 3 | AY6: 3 | AZ6: 3 | BA6: 1 | BB6: 2 | BC6: 1 | BD6: 1 | BE6: 1 | BF6: 3 | BG6: 1 | BH6: 1 | BI6: 3 | BJ6: 3 | BK6: 3 | BL6: 3 | BM6: 3 | BN6: 3 | BO6: 1 | BP6: 2 | BQ6: 3 | BR6: 1 | BS6: 3 | BT6: 3 | BU6: 1 | BV6: 2 | BW6: 3 | BX6: 3 | BY6: 2 | BZ6: 1 | CA6: 1 | CB6: 2 | CC6: 2 | CD6: 3 | CE6: 1 | CF6: 3 | CG6: 3 | CH6: 3 | CI6: 3 | CJ6: 1 | CK6: 3 | CL6: 3 | CM6: 1 | CN6: 1 | CO6: 3 | CP6: 1 | CQ6: 3 | CR6: 3 | CS6: 2 | CT6: 3 | CU6: 3 | CV6: 2 | CW6: 3 | CX6: 3 | CY6: 3 | CZ6: 3 | DA6: 1 | DB6: 1 | DC6: 1 | DD6: 3 | DE6: 3 | DF6: 3 | DG6: 3 | DH6: 2 | DI6: 3 | DJ6: 3 | DK6: 3 | DL6: 3 | DM6: 3 | DN6: 3 | DO6: 3 | DP6: 1 | DQ6: 3 | DR6: 2 | DS6: 3 | DT6: 3 | DU6: 3 | DV6: 3 | DW6: 1 | DX6: 3 | DY6: 3 | DZ6: 3 | EA6: 2 | EB6: 3 | EC6: 3 | ED6: 3 | EE6: 3 | EF6: 2
C7: mom | D7: size | E7: mom | F7: mom | G7: mom | H7: mom | I7: bm | J7: bm | K7: mom | L7: mom | M7: mom | N7: mom | O7: bm | P7: mom | Q7: bm | R7: bm | S7: mom | T7: bm | U7: bm | V7: mom | W7: mom | X7: size | Y7: mom | Z7: bm | AA7: bm | AB7: bm | AC7: mom | AD7: mom | AE7: mom | AF7: mom | AG7: mom | AH7: mom | AI7: mom | AJ7: mom | AK7: mom | AL7: bm | AM7: bm | AN7: bm | AO7: mom | AP7: size | AQ7: bm | AR7: size | AS7: bm | AT7: mom | AU7: mom | AV7: size | AW7: bm | AX7: mom | AY7: mom | AZ7: mom | BA7: bm | BB7: size | BC7: bm | BD7: bm | BE7: bm | BF7: mom | BG7: bm | BH7: bm | BI7: mom | BJ7: mom | BK7: mom | BL7: mom | BM7: mom | BN7: mom | BO7: bm | BP7: size | BQ7: mom | BR7: bm | BS7: mom | BT7: mom | BU7: bm | BV7: size | BW7: mom | BX7: mom | BY7: size | BZ7: bm | CA7: bm | CB7: size | CC7: size | CD7: mom | CE7: bm | CF7: mom | CG7: mom | CH7: mom | CI7: mom | CJ7: bm | CK7: mom | CL7: mom | CM7: bm | CN7: bm | CO7: mom | CP7: bm | CQ7: mom | CR7: mom | CS7: size | CT7: mom | CU7: mom | CV7: size | CW7: mom | CX7: mom | CY7: mom | CZ7: mom | DA7: bm | DB7: bm | DC7: bm | DD7: mom | DE7: mom | DF7: mom | DG7: mom | DH7: size | DI7: mom | DJ7: mom | DK7: mom | DL7: mom | DM7: mom | DN7: mom | DO7: mom | DP7: bm | DQ7: mom | DR7: size | DS7: mom | DT7: mom | DU7: mom | DV7: mom | DW7: bm | DX7: mom | DY7: mom | DZ7: mom | EA7: size | EB7: mom | EC7: mom | ED7: mom | EE7: mom | EF7: size
C8: -0.209358 | D8: -0.196253 | E8: 0.524848 | F8: 0.046837 | G8: -0.210471 | H8: 0.474415 | I8: -0.196766 | J8: 0.27883 | K8: 0.275528 | L8: -0.430043 | M8: 0.323768 | N8: -0.348242 | O8: 0.310847 | P8: 0.395466 | Q8: -0.123071 | R8: -0.112558 | S8: 0.305792 | T8: -0.144585 | U8: -0.262808 | V8: -0.139367 | W8: -0.39469 | X8: -0.169731 | Y8: -0.681273 | Z8: 0.10309 | AA8: 0.486377 | AB8: -0.23482 | AC8: -0.089163 | AD8: 0.145141 | AE8: 0.074669 | AF8: 0.17577 | AG8: -0.30336 | AH8: -0.34825 | AI8: 0.258724 | AJ8: -0.488892 | AK8: 0.132548 | AL8: 0.187381 | AM8: 0.096837 | AN8: 0.207574 | AO8: 0.184463 | AP8: 0.079751 | AQ8: -0.21144 | AR8: 0.114431 | AS8: 0.14111 | AT8: 0.151645 | AU8: -0.200837 | AV8: -0.217699 | AW8: -0.174155 | AX8: 0.112293 | AY8: -0.118056 | AZ8: 0.20622 | BA8: 0.1605 | BB8: -0.252464 | BC8: 0.156737 | BD8: 0.166883 | BE8: -0.131472 | BF8: -0.285262 | BG8: 0.315311 | BH8: 0.270101 | BI8: 0.058127 | BJ8: -0.25987 | BK8: 0.184879 | BL8: -0.269132 | BM8: 0.171738 | BN8: -0.180922 | BO8: -0.149288 | BP8: 0.083627 | BQ8: -0.16861 | BR8: 0.213465 | BS8: 0.124424 | BT8: 0.207722 | BU8: 0.113779 | BV8: 0.171973 | BW8: -0.126802 | BX8: -0.10582 | BY8: -0.182695 | BZ8: -0.140713 | CA8: 0.073473 | CB8: 0.198019 | CC8: -0.294464 | CD8: 0.327423 | CE8: 0.218797 | CF8: -0.149373 | CG8: 0.1632 | CH8: -0.069038 | CI8: -0.115362 | CJ8: -0.391113 | CK8: 0.378974 | CL8: -0.076383 | CM8: 0.183112 | CN8: -0.397462 | CO8: 0.437168 | CP8: -0.095682 | CQ8: -0.499352 | CR8: 0.339857 | CS8: -0.279011 | CT8: 0.22462 | CU8: -0.251718 | CV8: 0.11175 | CW8: 0.210877 | CX8: 0.250162 | CY8: -0.524134 | CZ8: 0.821618 | DA8: 0.312541 | DB8: -0.155646 | DC8: -0.186959 | DD8: -0.420839 | DE8: -0.227972 | DF8: -0.33716 | DG8: -0.444004 | DH8: 0.157626 | DI8: 0.308969 | DJ8: -0.286692 | DK8: 0.846212 | DL8: -0.16924 | DM8: -0.43945 | DN8: 0.747513 | DO8: -0.399964 | DP8: 0.161131 | DQ8: -0.588634 | DR8: -0.129244 | DS8: -0.198785 | DT8: 0.413212 | DU8: -0.170654 | DV8: 0.68828 | DW8: 0.066156 | DX8: -0.199935 | DY8: 0.566314 | DZ8: 0.473629 | EA8: -0.194881 | EB8: -1.076361 | EC8: -0.136106 | ED8: -0.273497 | EE8: 0.601349 | EF8: 0.243811
A10: 投資組合 | C10: 公司數 | D10: 964
B11: 時間 | C11: 2014/01 | D11: 2014/02 | E11: 2014/03 | F11: 2014/04 | G11: 2014/05 | H11: 2014/06 | I11: 2014/07 | J11: 2014/08 | K11: 2014/09 | L11: 2014/10 | M11: 2014/11 | N11: 2014/12 | O11: 2015/01 | P11: 2015/02 | Q11: 2015/03 | R11: 2015/04 | S11: 2015/05 | T11: 2015/06 | U11: 2015/07 | V11: 2015/08 | W11: 2015/09 | X11: 2015/10 | Y11: 2015/11 | Z11: 2015/12 | AA11: 2016/01 | AB11: 2016/02 | AC11: 2016/03 | AD11: 2016/04 | AE11: 2016/05 | AF11: 2016/06 | AG11: 2016/07 | AH11: 2016/08 | AI11: 2016/09 | AJ11: 2016/10 | AK11: 2016/11 | AL11: 2016/12 | AM11: 2017/01 | AN11: 2017/02 | AO11: 2017/03 | AP11: 2017/04 | AQ11: 2017/05 | AR11: 2017/06 | AS11: 2017/07 | AT11: 2017/08 | AU11: 2017/09 | AV11: 2017/10 | AW11: 2017/11 | AX11: 2017/12 | AY11: 2018/01 | AZ11: 2018/02 | BA11: 2018/03 | BB11: 2018/04 | BC11: 2018/05 | BD11: 2018/06 | BE11: 2018/07 | BF11: 2018/08 | BG11: 2018/09 | BH11: 2018/10 | BI11: 2018/11 | BJ11: 2018/12 | BK11: 2019/01 | BL11: 2019/02 | BM11: 2019/03 | BN11: 2019/04 | BO11: 2019/05 | BP11: 2019/06 | BQ11: 2019/07 | BR11: 2019/08 | BS11: 2019/09 | BT11: 2019/10 | BU11: 2019/11 | BV11: 2019/12 | BW11: 2020/01 | BX11: 2020/02 | BY11: 2020/03 | BZ11: 2020/04 | CA11: 2020/05 | CB11: 2020/06 | CC11: 2020/07 | CD11: 2020/08 | CE11: 2020/09 | CF11: 2020/10 | CG11: 2020/11 | CH11: 2020/12 | CI11: 2021/01 | CJ11: 2021/02 | CK11: 2021/03 | CL11: 2021/04 | CM11: 2021/05 | CN11: 2021/06 | CO11: 2021/07 | CP11: 2021/08 | CQ11: 2021/09 | CR11: 2021/10 | CS11: 2021/11 | CT11: 2021/12 | CU11: 2022/01 | CV11: 2022/02 | CW11: 2022/03 | CX11: 2022/04 | CY11: 2022/05 | CZ11: 2022/06 | DA11: 2022/07 | DB11: 2022/08 | DC11: 2022/09 | DD11: 2022/10 | DE11: 2022/11 | DF11: 2022/12 | DG11: 2023/01 | DH11: 2023/02 | DI11: 2023/03 | DJ11: 2023/04 | DK11: 2023/05 | DL11: 2023/06 | DM11: 2023/07 | DN11: 2023/08 | DO11: 2023/09 | DP11: 2023/10 | DQ11: 2023/11 | DR11: 2023/12 | DS11: 2024/01 | DT11: 2024/02 | DU11: 2024/03 | DV11: 2024/04 | DW11: 2024/05 | DX11: 2024/06 | DY11: 2024/07 | DZ11: 2024/08 | EA11: 2024/09 | EB11: 2024/10 | EC11: 2024/11 | ED11: 2024/12 | EE11: 2025/01 | EF11: 2025/02
B12: 100等分 | C12: -0.03635023 | D12: 0.33635899 | E12: 0.24101438 | F12: 0.27593582 | G12: 0.2415319 | H12: 0.24028817 | I12: 0.18863301 | J12: 0.23132486 | K12: 0.32583966 | L12: 0.2446686 | M12: 0.24253558 | N12: 0.35233177 | O12: 0.42608911 | P12: 0.44798568 | Q12: 0.60352252 | R12: 0.65565221 | S12: 0.7411401 | T12: 0.80794022 | U12: 0.94490828 | V12: 1.0550353 | W12: 1.1057067 | X12: 1.1841431 | Y12: 1.2361719 | Z12: 1.2828919 | AA12: 1.2316239 | AB12: 1.1648487 | AC12: 1.1691663 | AD12: 1.087453 | AE12: 1.2992456 | AF12: 1.1615193 | AG12: 1.1171948 | AH12: 1.2501621 | AI12: 1.2253129 | AJ12: 1.191595 | AK12: 1.1222335 | AL12: 1.1627892 | AM12: 1.2193472 | AN12: 1.3122091 | AO12: 1.2608246 | AP12: 1.2482426 | AQ12: 1.2808402 | AR12: 1.2562893 | AS12: 1.3101105 | AT12: 1.3811003 | AU12: 1.4582744 | AV12: 1.4914997 | AW12: 1.4758398 | AX12: 1.4115639 | AY12: 1.3825582 | AZ12: 1.3147119 | BA12: 1.3253254 | BB12: 1.4341145 | BC12: 1.4962696 | BD12: 1.5482614 | BE12: 1.5091149 | BF12: 1.719987 | BG12: 1.7228118 | BH12: 1.7629653 | BI12: 1.7841245 | BJ12: 1.9142347 | BK12: 1.9598396 | BL12: 2.0195951 | BM12: 2.0678141 | BN12: 2.1315348 | BO12: 2.1100039 | BP12: 2.058387 | BQ12: 2.0149558 | BR12: 1.9647983 | BS12: 1.9529324 | BT12: 1.8930815 | BU12: 1.9125579 | BV12: 1.8145005 | BW12: 2.1133795 | BX12: 2.0595279 | BY12: 1.9661895 | BZ12: 1.8632831 | CA12: 1.844691 | CB12: 1.7135996 | CC12: 1.8872514 | CD12: 1.8401369 | CE12: 1.7234969 | CF12: 1.7648463 | CG12: 1.6789603 | CH12: 1.7603029 | CI12: 1.757792 | CJ12: 1.8448363 | CK12: 1.9404771 | CL12: 1.7788226 | CM12: 1.8534537 | CN12: 1.8880244 | CO12: 1.7810451 | CP12: 1.6535093 | CQ12: 1.6285459 | CR12: 1.447057 | CS12: 1.463968 | CT12: 1.4689097 | CU12: 1.5929596 | CV12: 1.5325151 | CW12: 1.5585872 | CX12: 1.4061994 | CY12: 1.3132515 | CZ12: 1.2894882 | DA12: 1.2669902 | DB12: 1.2972168 | DC12: 1.2723957 | DD12: 1.2869024 | DE12: 1.3440661 | DF12: 1.3501206 | DG12: 1.4632122 | DH12: 1.3335902 | DI12: 1.3876985 | DJ12: 1.3276748 | DK12: 1.2554862 | DL12: 1.2557902 | DM12: 1.2948423 | DN12: 1.376573 | DO12: 1.4106774 | DP12: 1.4278097 | DQ12: 1.390771 | DR12: 1.3687358 | DS12: 1.3591642 | DT12: 1.411883 | DU12: 1.2232424 | DV12: 1.1765147 | DW12: 1.2020533 | DX12: 1.1805076 | DY12: 1.096834 | DZ12: 1.1334305 | EA12: 1.2426074 | EB12: 1.3306949 | EC12: 1.2545378 | ED12: 1.1438777 | EE12: 1.0945336 | EF12: 1.0648875
B13: 107等分 | C13: -0.03943539 | D13: 0.36875959 | E13: 0.28205542 | F13: 0.36077089 | G13: 0.35262434 | H13: 0.35197499 | I13: 0.30197358 | J13: 0.34868351 | K13: 0.4351044 | L13: 0.3499428 | M13: 0.33595536 | N13: 0.45619786 | O13: 0.54042196 | P13: 0.54861014 | Q13: 0.71102676 | R13: 0.76731164 | S13: 0.87717068 | T13: 0.94438974 | U13: 1.0744522 | V13: 1.1500237 | W13: 1.2516551 | X13: 1.3253333 | Y13: 1.3756122 | Z13: 1.4096519 | AA13: 1.3661643 | AB13: 1.2917842 | AC13: 1.2790188 | AD13: 1.2258827 | AE13: 1.435511 | AF13: 1.2875954 | AG13: 1.2438192 | AH13: 1.3922208 | AI13: 1.3588376 | AJ13: 1.3107171 | AK13: 1.2732836 | AL13: 1.3219726 | AM13: 1.3880493 | AN13: 1.4945055 | AO13: 1.4534153 | AP13: 1.4481755 | AQ13: 1.4866417 | AR13: 1.4541489 | AS13: 1.5192171 | AT13: 1.6417812 | AU13: 1.7238714 | AV13: 1.7474803 | AW13: 1.7082274 | AX13: 1.6309864 | AY13: 1.6113845 | AZ13: 1.5232344 | BA13: 1.5330426 | BB13: 1.6655173 | BC13: 1.7400044 | BD13: 1.7764363 | BE13: 1.7250253 | BF13: 1.9728122 | BG13: 1.9850136 | BH13: 2.0428489 | BI13: 2.0918389 | BJ13: 2.1884057 | BK13: 2.2397773 | BL13: 2.3009509 | BM13: 2.3404489 | BN13: 2.4017536 | BO13: 2.3798633 | BP13: 2.3221132 | BQ13: 2.2984225 | BR13: 2.2721256 | BS13: 2.2401187 | BT13: 2.1934578 | BU13: 2.2202842 | BV13: 2.1257738 | BW13: 2.4437446 | BX13: 2.3771851 | BY13: 2.2581904 | BZ13: 2.1466645 | CA13: 2.1169501 | CB13: 1.9776414 | CC13: 2.0220295 | CD13: 1.961041 | CE13: 1.8284459 | CF13: 1.881246 | CG13: 1.8195181 | CH13: 1.8699669 | CI13: 1.8657262 | CJ13: 1.9064332 | CK13: 1.9948559 | CL13: 1.7981154 | CM13: 1.8871041 | CN13: 1.9112022 | CO13: 1.776562 | CP13: 1.6399303 | CQ13: 1.6195965 | CR13: 1.43031 | CS13: 1.452117 | CT13: 1.4776744 | CU13: 1.6131461 | CV13: 1.5536921 | CW13: 1.6010337 | CX13: 1.4387678 | CY13: 1.3574871 | CZ13: 1.3247623 | DA13: 1.2949575 | DB13: 1.3376697 | DC13: 1.302312 | DD13: 1.3340557 | DE13: 1.3686081 | DF13: 1.3713061 | DG13: 1.497678 | DH13: 1.3605302 | DI13: 1.4059297 | DJ13: 1.3349747 | DK13: 1.2772889 | DL13: 1.2991618 | DM13: 1.3180722 | DN13: 1.4339589 | DO13: 1.4805228 | DP13: 1.5003647 | DQ13: 1.4532945 | DR13: 1.4421164 | DS13: 1.4525394 | DT13: 1.5116524 | DU13: 1.3215441 | DV13: 1.2758158 | DW13: 1.3167335 | DX13: 1.2947858 | DY13: 1.199801 | DZ13: 1.2124501 | EA13: 1.3522491 | EB13: 1.4529282 | EC13: 1.3844268 | ED13: 1.2697275 | EE13: 1.2104865 | EF13: 1.1759359
B14: 137等分 | C14: -0.0591468 | D14: 0.34273688 | E14: 0.24226126 | F14: 0.36164422 | G14: 0.25332785 | H14: 0.26195008 | I14: 0.1264499 | J14: 0.16986142 | K14: 0.30550931 | L14: 0.2547511 | M14: 0.28380256 | N14: 0.42501005 | O14: 0.52868054 | P14: 0.53700863 | Q14: 0.72598405 | R14: 0.79571808 | S14: 0.93952331 | T14: 0.99216141 | U14: 1.1246564 | V14: 1.2460479 | W14: 1.4121827 | X14: 1.5393055 | Y14: 1.6431848 | Z14: 1.7324191 | AA14: 1.6907139 | AB14: 1.6060156 | AC14: 1.607381 | AD14: 1.5349372 | AE14: 1.7933286 | AF14: 1.6427849 | AG14: 1.5610649 | AH14: 1.7241334 | AI14: 1.6427097 | AJ14: 1.5718425 | AK14: 1.5490096 | AL14: 1.5948697 | AM14: 1.6615131 | AN14: 1.7783392 | AO14: 1.8029235 | AP14: 1.800909 | AQ14: 1.8771399 | AR14: 1.8154454 | AS14: 1.9012719 | AT14: 2.0676577 | AU14: 2.2065559 | AV14: 2.2416136 | AW14: 2.2170756 | AX14: 2.1036701 | AY14: 2.0734807 | AZ14: 2.0218344 | BA14: 2.0224667 | BB14: 2.1897247 | BC14: 2.2837068 | BD14: 2.2719773 | BE14: 2.2036161 | BF14: 2.3686026 | BG14: 2.3517964 | BH14: 2.3912367 | BI14: 2.4672278 | BJ14: 2.5657616 | BK14: 2.5667427 | BL14: 2.6225306 | BM14: 2.6506119 | BN14: 2.6928035 | BO14: 2.6758557 | BP14: 2.6133922 | BQ14: 2.5269326 | BR14: 2.5211844 | BS14: 2.4883111 | BT14: 2.4267658 | BU14: 2.5074432 | BV14: 2.3919377 | BW14: 2.6103132 | BX14: 2.5357323 | BY14: 2.4730456 | BZ14: 2.3197256 | CA14: 2.3036491 | CB14: 2.196803 | CC14: 2.3014636 | CD14: 2.1798684 | CE14: 2.0124745 | CF14: 1.9685167 | CG14: 1.8769075 | CH14: 1.9222731 | CI14: 2.0373324 | CJ14: 2.0996461 | CK14: 2.1957041 | CL14: 2.0427902 | CM14: 2.1864387 | CN14: 2.2244358 | CO14: 2.0738383 | CP14: 1.9109992 | CQ14: 1.9492418 | CR14: 1.7555194 | CS14: 1.783648 | CT14: 1.7673755 | CU14: 1.9119403 | CV14: 1.8489957 | CW14: 1.9155543 | CX14: 1.7624786 | CY14: 1.6693002 | CZ14: 1.577841 | DA14: 1.5325335 | DB14: 1.5782688 | DC14: 1.54186 | DD14: 1.5828742 | DE14: 1.6212948 | DF14: 1.6493667 | DG14: 1.7675838 | DH14: 1.5751824 | DI14: 1.5937957 | DJ14: 1.4475996 | DK14: 1.390349 | DL14: 1.3941793 | DM14: 1.39943 | DN14: 1.5245387 | DO14: 1.5547377 | DP14: 1.534133 | DQ14: 1.4683835 | DR14: 1.4579323 | DS14: 1.4833179 | DT14: 1.505919 | DU14: 1.3433302 | DV14: 1.2728025 | DW14: 1.3547112 | DX14: 1.4228885 | DY14: 1.2571254 | DZ14: 1.2138975 | EA14: 1.4128433 | EB14: 1.5228076 | EC14: 1.3797674 | ED14: 1.2970083 | EE14: 1.2439932 | EF14: 1.1800389
B15: 160等分 | C15: -0.07386193 | D15: 0.33365878 | E15: 0.1930751 | F15: 0.37076376 | G15: 0.27469779 | H15: 0.262629 | I15: 0.12797467 | J15: 0.16340425 | K15: 0.40219366 | L15: 0.38186701 | M15: 0.33817677 | N15: 0.49002035 | O15: 0.58224173 | P15: 0.60575489 | Q15: 0.80352064 | R15: 0.89381973 | S15: 1.0165116 | T15: 1.0417918 | U15: 1.1975855 | V15: 1.2902738 | W15: 1.4650086 | X15: 1.5879318 | Y15: 1.691062 | Z15: 1.7826811 | AA15: 1.7593911 | AB15: 1.6601492 | AC15: 1.6742907 | AD15: 1.6502933 | AE15: 1.9587861 | AF15: 1.7899555 | AG15: 1.7484684 | AH15: 1.9526247 | AI15: 1.9048584 | AJ15: 1.8276557 | AK15: 1.7870741 | AL15: 1.8573451 | AM15: 1.9004511 | AN15: 1.9840194 | AO15: 2.0399095 | AP15: 2.0301974 | AQ15: 2.1184502 | AR15: 2.0438333 | AS15: 2.1416302 | AT15: 2.3262239 | AU15: 2.4792385 | AV15: 2.5219158 | AW15: 2.4995596 | AX15: 2.3594801 | AY15: 2.2932069 | AZ15: 2.1775954 | BA15: 2.1432315 | BB15: 2.3450334 | BC15: 2.4090889 | BD15: 2.4058545 | BE15: 2.351987 | BF15: 2.4937964 | BG15: 2.4774528 | BH15: 2.479471 | BI15: 2.5807552 | BJ15: 2.6396674 | BK15: 2.5701484 | BL15: 2.6333129 | BM15: 2.6650992 | BN15: 2.7372843 | BO15: 2.7115553 | BP15: 2.699145 | BQ15: 2.5894918 | BR15: 2.5961671 | BS15: 2.599667 | BT15: 2.5173436 | BU15: 2.5932799 | BV15: 2.4931946 | BW15: 2.8006476 | BX15: 2.7458173 | BY15: 2.7181418 | BZ15: 2.6543264 | CA15: 2.6249977 | CB15: 2.4971595 | CC15: 2.5196657 | CD15: 2.3709338 | CE15: 2.172668 | CF15: 2.0936164 | CG15: 2.0364988 | CH15: 2.0792139 | CI15: 2.1899481 | CJ15: 2.2518886 | CK15: 2.3706858 | CL15: 2.255338 | CM15: 2.4306857 | CN15: 2.5076183 | CO15: 2.3414718 | CP15: 2.1824392 | CQ15: 2.2148338 | CR15: 2.0385271 | CS15: 2.0823021 | CT15: 2.0543614 | CU15: 2.200969 | CV15: 2.1248265 | CW15: 2.1853423 | CX15: 2.0371921 | CY15: 1.9292999 | CZ15: 1.8718007 | DA15: 1.8135768 | DB15: 1.8492977 | DC15: 1.8844771 | DD15: 1.8906782 | DE15: 1.9236966 | DF15: 1.944993 | DG15: 2.0714838 | DH15: 1.846894 | DI15: 1.905541 | DJ15: 1.7402906 | DK15: 1.7243063 | DL15: 1.7362891 | DM15: 1.6901912 | DN15: 1.8641195 | DO15: 1.912825 | DP15: 1.940663 | DQ15: 1.8602888 | DR15: 1.842744 | DS15: 1.887663 | DT15: 1.8926962 | DU15: 1.6981768 | DV15: 1.6265834 | DW15: 1.6871925 | DX15: 1.7818067 | DY15: 1.6296873 | DZ15: 1.5500437 | EA15: 1.7830896 | EB15: 1.8918431 | EC15: 1.7480689 | ED15: 1.6677836 | EE15: 1.6449677 | EF15: 1.5709448
B16: 192等分 | C16: 0.01124133 | D16: 0.39326635 | E16: 0.24714144 | F16: 0.4526727 | G16: 0.33548956 | H16: 0.34707259 | I16: 0.18892303 | J16: 0.22339429 | K16: 0.43811879 | L16: 0.42911902 | M16: 0.35140079 | N16: 0.51954438 | O16: 0.61864586 | P16: 0.66178454 | Q16: 0.87851028 | R16: 0.98776334 | S16: 1.0703259 | T16: 1.054663 | U16: 1.1769921 | V16: 1.2805097 | W16: 1.5069533 | X16: 1.6569957 | Y16: 1.7859607 | Z16: 1.8915777 | AA16: 1.8699831 | AB16: 1.7852233 | AC16: 1.8324715 | AD16: 1.8054842 | AE16: 1.9667054 | AF16: 1.7432076 | AG16: 1.7110444 | AH16: 1.9276868 | AI16: 1.8444075 | AJ16: 1.7836818 | AK16: 1.7754333 | AL16: 1.8483267 | AM16: 1.8814227 | AN16: 1.9460081 | AO16: 1.9951164 | AP16: 1.9825119 | AQ16: 1.9550594 | AR16: 1.9417701 | AS16: 2.0538659 | AT16: 2.2929897 | AU16: 2.4360623 | AV16: 2.5075355 | AW16: 2.5006702 | AX16: 2.296331 | AY16: 2.3783886 | AZ16: 2.2221146 | BA16: 2.1853158 | BB16: 2.4165294 | BC16: 2.487135 | BD16: 2.4337052 | BE16: 2.439652 | BF16: 2.5776232 | BG16: 2.5814054 | BH16: 2.5097989 | BI16: 2.6240546 | BJ16: 2.6731944 | BK16: 2.5705961 | BL16: 2.6404555 | BM16: 2.6879241 | BN16: 2.7735887 | BO16: 2.8120504 | BP16: 2.8193327 | BQ16: 2.7107324 | BR16: 2.7241175 | BS16: 2.7566537 | BT16: 2.6601232 | BU16: 2.7588782 | BV16: 2.6251683 | BW16: 2.9769978 | BX16: 2.9190098 | BY16: 2.8758263 | BZ16: 2.7855549 | CA16: 2.7742214 | CB16: 2.6477264 | CC16: 2.6606415 | CD16: 2.471782 | CE16: 2.2278182 | CF16: 2.1220333 | CG16: 2.0460631 | CH16: 2.0682583 | CI16: 2.1534665 | CJ16: 2.2769068 | CK16: 2.3574965 | CL16: 2.2081833 | CM16: 2.3972345 | CN16: 2.3750751 | CO16: 2.1465569 | CP16: 1.9545257 | CQ16: 1.9776437 | CR16: 1.7821576 | CS16: 1.8044506 | CT16: 1.7863739 | CU16: 1.9331019 | CV16: 1.836098 | CW16: 1.9040017 | CX16: 1.7588475 | CY16: 1.6578808 | CZ16: 1.6448182 | DA16: 1.5973463 | DB16: 1.654249 | DC16: 1.6873993 | DD16: 1.6909965 | DE16: 1.7014152 | DF16: 1.7469152 | DG16: 1.8709885 | DH16: 1.5926897 | DI16: 1.666938 | DJ16: 1.5303799 | DK16: 1.5096143 | DL16: 1.5290796 | DM16: 1.5719444 | DN16: 1.7551791 | DO16: 1.805 | DP16: 1.8148305 | DQ16: 1.7573703 | DR16: 1.7018123 | DS16: 1.6320196 | DT16: 1.6023342 | DU16: 1.3296899 | DV16: 1.2276477 | DW16: 1.2967079 | DX16: 1.3945591 | DY16: 1.2071573 | DZ16: 1.2252724 | EA16: 1.5189624 | EB16: 1.6013696 | EC16: 1.4703634 | ED16: 1.4125359 | EE16: 1.3925183 | EF16: 1.3067152
B17: 241等分 | C17: 0.01038483 | D17: 0.13677275 | E17: 0.0930552 | F17: 0.27709378 | G17: 0.13325163 | H17: 0.09540755 | I17: -0.05184806 | J17: 0.00858727 | K17: 0.2154673 | L17: 0.15824113 | M17: 0.05855654 | N17: 0.19760722 | O17: 0.30976649 | P17: 0.34965821 | Q17: 0.60696828 | R17: 0.71280399 | S17: 0.92196347 | T17: 0.93600383 | U17: 1.0222822 | V17: 1.127653 | W17: 1.4505736 | X17: 1.6583748 | Y17: 1.7511041 | Z17: 1.8653081 | AA17: 1.8847991 | AB17: 1.7566559 | AC17: 1.7754836 | AD17: 1.8014169 | AE17: 1.9295218 | AF17: 1.6343776 | AG17: 1.623331 | AH17: 1.8636823 | AI17: 1.7959526 | AJ17: 1.7170114 | AK17: 1.7353298 | AL17: 1.8007096 | AM17: 1.8655666 | AN17: 1.9775227 | AO17: 2.0630904 | AP17: 2.0441481 | AQ17: 2.0195569 | AR17: 2.0675451 | AS17: 2.1320009 | AT17: 2.3968392 | AU17: 2.4602945 | AV17: 2.5111921 | AW17: 2.5014011 | AX17: 2.2836828 | AY17: 2.3494051 | AZ17: 2.2563457 | BA17: 2.1853135 | BB17: 2.4798261 | BC17: 2.5181473 | BD17: 2.4963964 | BE17: 2.4900459 | BF17: 2.6891631 | BG17: 2.7024074 | BH17: 2.6543537 | BI17: 2.8082284 | BJ17: 2.8402109 | BK17: 2.7572377 | BL17: 2.8445785 | BM17: 2.8853738 | BN17: 3.0736213 | BO17: 3.1374785 | BP17: 3.1332977 | BQ17: 3.060407 | BR17: 3.0792122 | BS17: 3.144954 | BT17: 3.0520018 | BU17: 3.1874983 | BV17: 3.1682578 | BW17: 3.3527184 | BX17: 3.2643391 | BY17: 3.2494227 | BZ17: 3.2017598 | CA17: 3.1387277 | CB17: 2.9308578 | CC17: 2.9228389 | CD17: 2.7720505 | CE17: 2.3769745 | CF17: 2.2624484 | CG17: 2.177363 | CH17: 2.3339895 | CI17: 2.4071722 | CJ17: 2.4928 | CK17: 2.5599596 | CL17: 2.3725265 | CM17: 2.5980295 | CN17: 2.5674906 | CO17: 2.3296986 | CP17: 2.1069985 | CQ17: 2.1299107 | CR17: 1.8908507 | CS17: 1.9217585 | CT17: 1.8356859 | CU17: 1.9946026 | CV17: 1.862975 | CW17: 1.9013205 | CX17: 1.7443517 | CY17: 1.5918994 | CZ17: 1.5780522 | DA17: 1.5792444 | DB17: 1.6137078 | DC17: 1.6348368 | DD17: 1.6376556 | DE17: 1.6666334 | DF17: 1.8154423 | DG17: 1.9636272 | DH17: 1.882191 | DI17: 1.9723402 | DJ17: 1.8157345 | DK17: 1.7947684 | DL17: 1.8075054 | DM17: 1.8032509 | DN17: 2.0235465 | DO17: 2.0049877 | DP17: 2.0292538 | DQ17: 1.9588311 | DR17: 1.9052742 | DS17: 1.8206687 | DT17: 1.8154535 | DU17: 1.4756469 | DV17: 1.3207486 | DW17: 1.4723315 | DX17: 1.5891604 | DY17: 1.3634985 | DZ17: 1.5433896 | EA17: 1.8094464 | EB17: 1.8357486 | EC17: 1.6956546 | ED17: 1.8248098 | EE17: 1.8357657 | EF17: 1.749668
B18: 321等分 | C18: 0.02592233 | D18: 0.16835018 | E18: 0.14611977 | F18: 0.21395083 | G18: 0.11006647 | H18: -0.11973907 | I18: -0.24323224 | J18: -0.19063365 | K18: 0.05473226 | L18: -0.05275491 | M18: -0.12685497 | N18: -0.02882411 | O18: 0.11465624 | P18: 0.15751473 | Q18: 0.43429162 | R18: 0.47092005 | S18: 0.71797668 | T18: 0.78962858 | U18: 0.9002186 | V18: 0.95724273 | W18: 1.3034362 | X18: 1.5606386 | Y18: 1.6085769 | Z18: 1.6841252 | AA18: 1.6911732 | AB18: 1.556737 | AC18: 1.6425134 | AD18: 1.6611072 | AE18: 1.791931 | AF18: 1.3620143 | AG18: 1.3512022 | AH18: 1.5988244 | AI18: 1.5314315 | AJ18: 1.4855654 | AK18: 1.5641411 | AL18: 1.6044821 | AM18: 1.688571 | AN18: 1.7997038 | AO18: 1.9578567 | AP18: 1.937364 | AQ18: 1.922868 | AR18: 1.9907925 | AS18: 2.0736029 | AT18: 2.0913313 | AU18: 2.2012459 | AV18: 2.260892 | AW18: 2.2910414 | AX18: 2.3009166 | AY18: 2.3993729 | AZ18: 2.1718874 | BA18: 2.126289 | BB18: 2.4958395 | BC18: 2.3650026 | BD18: 2.37795 | BE18: 2.3557338 | BF18: 2.5548363 | BG18: 2.6011158 | BH18: 2.4731552 | BI18: 2.5604733 | BJ18: 2.5502393 | BK18: 2.5293846 | BL18: 2.6688559 | BM18: 2.6712864 | BN18: 2.6427676 | BO18: 2.693252 | BP18: 2.692711 | BQ18: 2.6014829 | BR18: 2.6222965 | BS18: 2.7193441 | BT18: 2.7864873 | BU18: 2.999436 | BV18: 2.9987543 | BW18: 3.1309261 | BX18: 2.9779887 | BY18: 3.0103416 | BZ18: 2.9630838 | CA18: 2.9355938 | CB18: 2.6808545 | CC18: 2.5557505 | CD18: 2.2399788 | CE18: 1.8465915 | CF18: 1.7458211 | CG18: 1.5387358 | CH18: 1.6923421 | CI18: 1.7569594 | CJ18: 1.8603389 | CK18: 1.9712625 | CL18: 1.8762655 | CM18: 2.1966975 | CN18: 2.2052442 | CO18: 2.0199585 | CP18: 1.7605499 | CQ18: 1.7777095 | CR18: 1.5309368 | CS18: 1.5553763 | CT18: 1.429285 | CU18: 1.5966389 | CV18: 1.4670214 | CW18: 1.4899054 | CX18: 1.4356121 | CY18: 1.2731722 | CZ18: 1.265585 | DA18: 1.2615932 | DB18: 1.2918566 | DC18: 1.303913 | DD18: 1.3356232 | DE18: 1.3178667 | DF18: 1.4149384 | DG18: 1.5030598 | DH18: 1.4216054 | DI18: 1.502711 | DJ18: 1.3490112 | DK18: 1.325665 | DL18: 1.3288783 | DM18: 1.2862018 | DN18: 1.5915768 | DO18: 1.6153455 | DP18: 1.6175178 | DQ18: 1.4521136 | DR18: 1.3808773 | DS18: 1.2513535 | DT18: 1.2784823 | DU18: 0.90321339 | DV18: 0.74615102 | DW18: 0.85565409 | DX18: 1.0200062 | DY18: 0.70225184 | DZ18: 0.86787809 | EA18: 1.0082342 | EB18: 1.1380002 | EC18: 1.166429 | ED18: 1.350111 | EE18: 1.3860104 | EF18: 1.3494149
B19: 大盤 | C19: -0.017446771 | D19: =C19+預測IC!D26 | E19: =D19+預測IC!E26 | F19: =E19+預測IC!F26 | G19: =F19+預測IC!G26 | H19: =G19+預測IC!H26 | I19: =H19+預測IC!I26 | J19: =I19+預測IC!J26 | K19: =J19+預測IC!K26 | ... EF19: =EE19+預測IC!EF26
